file	hint	pred	score	outside	bay_changed	stripe	dark	white	med_r	med_g	med_b
Arsenal_kits_on_locker_hooks_202607270120_2.jpeg	1	14	42.62	10.92	0.5900	53.2	0.129	0.140	133	28	43
Arsenal_kits_on_locker_hooks_202607270120_3.jpeg	1	14	38.52	10.71	0.5459	42.0	0.032	0.100	135	90	89
Arsenal_kits_on_locker_hooks_202607270120.jpeg	1	14	38.44	11.62	0.5587	43.9	0.052	0.133	138	95	94
Arsenal_kits_on_locker_hooks_202607270120_4.jpeg	1	7	37.81	11.21	0.5462	48.2	0.151	0.106	108	103	102
Aston_Villa_kits_on_hooks_202607270120_3.jpeg	2	2	43.76	10.71	0.5982	51.6	0.301	0.036	89	33	48
Aston_Villa_kits_on_hooks_202607270120_4.jpeg	2	17	42.61	10.45	0.5828	45.6	0.045	0.047	84	69	76
Aston_Villa_kits_on_hooks_202607270120_2.jpeg	2	2	41.45	9.15	0.5518	49.4	0.328	0.022	87	31	48
Aston_Villa_kits_on_hooks_202607270120.jpeg	2	2	40.29	10.50	0.5604	46.5	0.153	0.050	93	42	56
AFC_Bournemouth_kits_on_hooks_202607270120_2.jpeg	3	2	41.69	10.19	0.5697	47.1	0.368	0.002	106	37	44
AFC_Bournemouth_kits_on_hooks_202607270120.jpeg	3	14	41.11	10.85	0.5738	45.1	0.276	0.002	125	46	51
AFC_Bournemouth_kits_on_hooks_202607270120_4.jpeg	3	14	39.72	10.69	0.5575	48.4	0.287	0.002	118	46	50
AFC_Bournemouth_kits_on_hooks_202607270120_3.jpeg	3	14	37.56	10.21	0.5287	44.0	0.193	0.005	117	44	48
Brighton_kits_on_locker_hooks_202607270120_3.jpeg	5	7	47.60	10.75	0.6373	30.9	0.088	0.000	52	76	135
Brighton_kits_on_locker_hooks_202607270120_4.jpeg	5	6	44.01	10.71	0.6007	32.0	0.091	0.002	38	66	129
Brighton_kits_on_locker_hooks_202607270120.jpeg	5	7	36.92	10.43	0.5256	35.0	0.023	0.067	66	86	125
Brighton_kits_on_locker_hooks_202607270120_2.jpeg	5	6	36.52	10.22	0.5185	44.6	0.187	0.041	37	62	120
Everton_kits_on_locker_hooks_202607270120_2.jpeg	9	6	44.60	10.59	0.6049	32.5	0.048	0.000	43	63	124
Everton_kits_on_locker_hooks_202607270120_3.jpeg	9	6	44.43	10.27	0.5983	36.0	0.135	0.000	32	55	117
Everton_kits_on_locker_hooks_202607270120_4.jpeg	9	6	42.73	10.85	0.5900	31.9	0.061	0.000	40	65	125
Everton_kits_on_locker_hooks_202607270120.jpeg	9	6	41.48	9.77	0.5614	39.3	0.226	0.003	32	55	109
Liverpool_kits_on_hooks_202607270120.jpeg	14	17	38.61	9.90	0.5346	46.0	0.521	0.000	77	29	41
Liverpool_kits_on_hooks_202607270120_4.jpeg	14	2	38.61	10.73	0.5470	43.5	0.247	0.025	91	28	44
Liverpool_kits_on_hooks_202607270120_2.jpeg	14	14	37.99	10.84	0.5425	32.4	0.029	0.048	131	44	52
Liverpool_kits_on_hooks_202607270120_3.jpeg	14	2	35.99	10.94	0.5240	40.0	0.109	0.061	110	44	52
Man_City_kits_on_hooks_202607270120_2.jpeg	15	15	44.31	10.17	0.5957	27.3	0.012	0.002	127	155	183
Man_City_kits_on_hooks_202607270120.jpeg	15	15	42.17	9.54	0.5648	38.6	0.011	0.143	131	153	178
Man_City_kits_on_hooks_202607270120_4.jpeg	15	15	41.76	10.03	0.5680	33.1	0.011	0.047	138	165	188
Man_City_kits_on_hooks_202607270120_3.jpeg	15	15	36.63	9.63	0.5107	36.6	0.012	0.140	145	164	182
Man_Utd_kits_on_hooks_202607270120.jpeg	16	14	45.36	10.79	0.6154	33.4	0.079	0.000	136	42	45
Man_Utd_kits_on_hooks_202607270120_2.jpeg	16	14	43.48	10.70	0.5952	34.2	0.081	0.000	146	39	45
Man_Utd_kits_on_hooks_202607270120_4.jpeg	16	14	34.55	10.92	0.5093	36.0	0.031	0.079	144	33	45
Man_Utd_kits_on_hooks_202607270120_3.jpeg	16	14	32.25	10.68	0.4827	35.9	0.077	0.052	128	43	51
Tottenham_Hotspur_kits_on_hooks_202607270120_3.jpeg	19	8	44.02	9.85	0.5880	44.9	0.009	0.616	210	210	210
Tottenham_Hotspur_kits_on_hooks_202607270120.jpeg	19	8	43.64	9.86	0.5843	43.9	0.011	0.546	205	205	205
Tottenham_Hotspur_kits_on_hooks_202607270120_4.jpeg	19	8	40.89	9.84	0.5564	45.4	0.011	0.486	205	205	204
Tottenham_Hotspur_kits_on_hooks_202607270120_2.jpeg	19	8	40.25	9.81	0.5496	44.6	0.009	0.407	200	200	200
Edit_locker_room_photo_202607270120_2.jpeg		6	46.93	10.94	0.6334	37.2	0.203	0.006	24	52	114
Edit_locker_room_photo_202607270120_11.jpeg		8	46.13	10.34	0.6165	43.8	0.014	0.508	202	203	203
Edit_locker_room_photo_with_202607270120_7.jpeg		8	44.87	10.37	0.6043	52.1	0.014	0.439	201	200	200
Edit_locker_room_photo_with_202607270120_12.jpeg		11	44.85	9.96	0.5979	20.0	0.012	0.000	194	129	58
Edit_locker_room_photo_202607270120_7.jpeg		8	44.80	10.53	0.6059	73.2	0.254	0.369	206	206	206
Hang_kits_on_hooks_202607270120_7.jpeg		15	43.97	9.32	0.5795	50.4	0.017	0.316	177	144	141
Edit_locker_room_photo_202607270120.jpeg		6	43.91	10.44	0.5957	37.2	0.120	0.008	28	55	123
Edit_locker_room_photo_202607270120_8.jpeg		8	43.76	9.63	0.5820	65.7	0.185	0.381	206	206	206
Edit_locker_room_photo_202607270120_5.jpeg		8	43.29	11.24	0.6015	45.1	0.020	0.377	218	218	218
Hang_kits_on_hooks_202607270120_6.jpeg		11	43.15	10.27	0.5856	51.3	0.014	0.280	179	138	136
Edit_locker_room_photo_with_202607270120_3.jpeg		8	43.02	10.06	0.5811	52.7	0.037	0.291	202	192	190
Edit_locker_room_photo_with_202607270120_13.jpeg		11	42.85	10.30	0.5830	28.3	0.053	0.005	199	137	68
Edit_locker_room_photo_with_202607270120_15.jpeg		11	42.85	10.18	0.5812	22.7	0.017	0.000	195	136	75
Edit_locker_room_photo_202607270120_4.jpeg		6	42.56	10.36	0.5811	49.2	0.204	0.094	28	53	117
Edit_locker_room_photo_with_202607270120_6.jpeg		8	42.25	9.99	0.5724	55.5	0.036	0.426	202	201	202
Hang_kits_on_hooks_202607270120_3.jpeg		14	42.04	10.39	0.5762	34.2	0.065	0.005	153	42	47
Edit_locker_room_photo_with_202607270120_9.jpeg		6	41.78	10.53	0.5757	38.8	0.218	0.003	31	54	117
Edit_locker_room_photo_with_202607270120_16.jpeg		15	41.67	10.10	0.5681	51.7	0.045	0.193	190	148	146
Edit_locker_room_photo_with_202607270120_11.jpeg		6	41.29	10.47	0.5700	38.0	0.156	0.000	30	54	119
Edit_locker_room_photo_202607270120_12.jpeg		8	41.22	9.98	0.5619	48.0	0.009	0.433	196	195	200
Edit_locker_room_photo_with_202607270120_5.jpeg		8	41.17	9.77	0.5582	56.1	0.019	0.434	198	195	197
Kits_on_locker_hooks_202607270120_2.jpeg		15	41.15	9.61	0.5557	46.1	0.025	0.229	129	148	178
Edit_locker_room_photo_202607270120_15.jpeg		15	41.14	10.03	0.5619	59.5	0.250	0.110	129	131	132
Hang_kits_on_hooks_202607270120_5.jpeg		15	41.12	10.17	0.5638	44.2	0.014	0.202	173	143	140
Edit_locker_room_photo_202607270120_10.jpeg		8	40.94	9.90	0.5579	47.6	0.017	0.584	206	207	207
Edit_locker_room_photo_with_202607270120_8.jpeg		6	40.42	10.12	0.5560	36.0	0.188	0.000	34	53	116
Hang_kits_on_hooks_202607270120_2.jpeg		14	40.33	10.54	0.5615	38.2	0.135	0.006	147	36	40
Edit_locker_room_photo_with_202607270120_10.jpeg		6	39.74	11.25	0.5661	42.2	0.176	0.009	36	57	119
Edit_locker_room_photo_202607270120_13.jpeg		15	39.74	10.29	0.5518	70.5	0.164	0.352	134	134	134
Edit_locker_room_photo_with_202607270120.jpeg		11	39.73	10.44	0.5538	50.1	0.058	0.189	168	126	123
Edit_locker_room_photo_202607270120_14.jpeg		17	39.63	9.94	0.5454	72.3	0.284	0.228	118	118	117
Hang_kits_on_hooks_202607270120_4.jpeg		14	39.34	10.31	0.5480	35.5	0.080	0.006	154	52	54
Edit_locker_room_photo_202607270120_3.jpeg		6	38.83	10.97	0.5529	41.7	0.058	0.099	19	53	130
Edit_locker_room_photo_202607270120_16.jpeg		8	38.81	10.61	0.5473	58.1	0.211	0.104	200	200	200
Edit_locker_room_photo_with_202607270120_14.jpeg		11	38.80	10.05	0.5388	33.1	0.048	0.003	188	144	91
Edit_locker_room_photo_with_202607270120_4.jpeg		15	38.71	10.12	0.5389	45.9	0.009	0.309	188	184	183
Edit_locker_room_photo_with_202607270120_2.jpeg		11	38.33	10.25	0.5370	48.9	0.028	0.213	179	133	128
Kits_on_locker_hooks_202607270120_4.jpeg		15	38.14	9.72	0.5272	41.3	0.016	0.195	159	168	184
Edit_locker_room_photo_202607270120_9.jpeg		8	37.81	9.90	0.5267	42.8	0.014	0.342	207	207	206
Edit_locker_room_photo_202607270120_6.jpeg		8	37.08	10.02	0.5210	49.7	0.009	0.647	213	213	213
Kits_on_locker_hooks_202607270120_3.jpeg		15	36.67	9.47	0.5088	43.5	0.015	0.195	132	145	166
Hang_kits_on_hooks_202607270120.jpeg		14	36.03	10.38	0.5160	32.5	0.052	0.033	164	62	65
Kits_on_locker_hooks_202607270120.jpeg		15	35.43	9.70	0.4998	46.0	0.019	0.272	145	164	186
Hang_kits_on_hooks_202607270120_8.jpeg		11	33.25	9.50	0.4750	51.5	0.019	0.289	173	130	128
