Місце,Preview_pts,Адреса,Слот,Заявлено,Зараховано,База_очок
1,66,0x52b001f448fb5b1a3fd0e37ebbf107258dc2a47a06080bcdc39852cb59a1d260,1,Raya (ARS),Raya (ARS),6
1,66,0x52b001f448fb5b1a3fd0e37ebbf107258dc2a47a06080bcdc39852cb59a1d260,2,Gabriel (ARS),Gabriel (ARS),6
1,66,0x52b001f448fb5b1a3fd0e37ebbf107258dc2a47a06080bcdc39852cb59a1d260,3,Saliba (ARS),Saliba (ARS),8
1,66,0x52b001f448fb5b1a3fd0e37ebbf107258dc2a47a06080bcdc39852cb59a1d260,4,Bassey (FUL),Bassey (FUL),2
1,66,0x52b001f448fb5b1a3fd0e37ebbf107258dc2a47a06080bcdc39852cb59a1d260,5,Tete (FUL),Tete (FUL),0
1,66,0x52b001f448fb5b1a3fd0e37ebbf107258dc2a47a06080bcdc39852cb59a1d260,6,Reed (FUL),Szoboszlai (LIV),9
1,66,0x52b001f448fb5b1a3fd0e37ebbf107258dc2a47a06080bcdc39852cb59a1d260,7,B.Fernandes (MUN),B.Fernandes (MUN),9
1,66,0x52b001f448fb5b1a3fd0e37ebbf107258dc2a47a06080bcdc39852cb59a1d260,8,Mbeumo (MUN),Mbeumo (MUN),7
1,66,0x52b001f448fb5b1a3fd0e37ebbf107258dc2a47a06080bcdc39852cb59a1d260,9,Haaland (MCI),Haaland (MCI),0
1,66,0x52b001f448fb5b1a3fd0e37ebbf107258dc2a47a06080bcdc39852cb59a1d260,10,Watkins (AVL),Watkins (AVL),17
1,66,0x52b001f448fb5b1a3fd0e37ebbf107258dc2a47a06080bcdc39852cb59a1d260,11,Beto (EVE),Beto (EVE),2
1,66,0x52b001f448fb5b1a3fd0e37ebbf107258dc2a47a06080bcdc39852cb59a1d260,Лава1,Szoboszlai (LIV),Szoboszlai (LIV),9
1,66,0x52b001f448fb5b1a3fd0e37ebbf107258dc2a47a06080bcdc39852cb59a1d260,Лава2,Cherki (MCI),Cherki (MCI),0
1,66,0x52b001f448fb5b1a3fd0e37ebbf107258dc2a47a06080bcdc39852cb59a1d260,Лава3,Doku (MCI),Doku (MCI),0
2,66,0x698c5644a8ab25a2f3f4a8051713e2603092481f9ff4c54cc84967286d870268,1,Raya (ARS),Raya (ARS),6
2,66,0x698c5644a8ab25a2f3f4a8051713e2603092481f9ff4c54cc84967286d870268,2,Gabriel (ARS),Gabriel (ARS),6
2,66,0x698c5644a8ab25a2f3f4a8051713e2603092481f9ff4c54cc84967286d870268,3,Senesi (BOU),Senesi (BOU),0
2,66,0x698c5644a8ab25a2f3f4a8051713e2603092481f9ff4c54cc84967286d870268,4,Guéhi (MCI),Guéhi (MCI),0
2,66,0x698c5644a8ab25a2f3f4a8051713e2603092481f9ff4c54cc84967286d870268,5,Saliba (ARS),Saliba (ARS),8
2,66,0x698c5644a8ab25a2f3f4a8051713e2603092481f9ff4c54cc84967286d870268,6,B.Fernandes (MUN),B.Fernandes (MUN),9
2,66,0x698c5644a8ab25a2f3f4a8051713e2603092481f9ff4c54cc84967286d870268,7,Doku (MCI),Anderson (NFO),10
2,66,0x698c5644a8ab25a2f3f4a8051713e2603092481f9ff4c54cc84967286d870268,8,Dewsbury-Hall (EVE),Dewsbury-Hall (EVE),2
2,66,0x698c5644a8ab25a2f3f4a8051713e2603092481f9ff4c54cc84967286d870268,9,Haaland (MCI),Haaland (MCI),0
2,66,0x698c5644a8ab25a2f3f4a8051713e2603092481f9ff4c54cc84967286d870268,10,Watkins (AVL),Watkins (AVL),17
2,66,0x698c5644a8ab25a2f3f4a8051713e2603092481f9ff4c54cc84967286d870268,11,Calvert-Lewin (LEE),Calvert-Lewin (LEE),8
2,66,0x698c5644a8ab25a2f3f4a8051713e2603092481f9ff4c54cc84967286d870268,Лава1,Anderson (NFO),Anderson (NFO),10
2,66,0x698c5644a8ab25a2f3f4a8051713e2603092481f9ff4c54cc84967286d870268,Лава2,Casemiro (MUN),Casemiro (MUN),1
2,66,0x698c5644a8ab25a2f3f4a8051713e2603092481f9ff4c54cc84967286d870268,Лава3,Rayan (BOU),Rayan (BOU),0
3,63,0x30ebd0cdb2b08de200f67089a59048c3c9657eb7bf005a8717aaa9f0554b1307,1,Raya (ARS),Raya (ARS),6
3,63,0x30ebd0cdb2b08de200f67089a59048c3c9657eb7bf005a8717aaa9f0554b1307,2,Gabriel (ARS),Gabriel (ARS),6
3,63,0x30ebd0cdb2b08de200f67089a59048c3c9657eb7bf005a8717aaa9f0554b1307,3,Saliba (ARS),Saliba (ARS),8
3,63,0x30ebd0cdb2b08de200f67089a59048c3c9657eb7bf005a8717aaa9f0554b1307,4,Maguire (MUN),Maguire (MUN),1
3,63,0x30ebd0cdb2b08de200f67089a59048c3c9657eb7bf005a8717aaa9f0554b1307,5,Mazraoui (MUN),Mazraoui (MUN),0
3,63,0x30ebd0cdb2b08de200f67089a59048c3c9657eb7bf005a8717aaa9f0554b1307,6,Rogers (AVL),Rogers (AVL),12
3,63,0x30ebd0cdb2b08de200f67089a59048c3c9657eb7bf005a8717aaa9f0554b1307,7,Foden (MCI),B.Fernandes (MUN),9
3,63,0x30ebd0cdb2b08de200f67089a59048c3c9657eb7bf005a8717aaa9f0554b1307,8,Semenyo (MCI),Semenyo (MCI),0
3,63,0x30ebd0cdb2b08de200f67089a59048c3c9657eb7bf005a8717aaa9f0554b1307,9,Watkins (AVL),Watkins (AVL),17
3,63,0x30ebd0cdb2b08de200f67089a59048c3c9657eb7bf005a8717aaa9f0554b1307,10,Thiago (BRE),Thiago (BRE),2
3,63,0x30ebd0cdb2b08de200f67089a59048c3c9657eb7bf005a8717aaa9f0554b1307,11,Bowen (WHU),Bowen (WHU),2
3,63,0x30ebd0cdb2b08de200f67089a59048c3c9657eb7bf005a8717aaa9f0554b1307,Лава1,Cherki (MCI),Cherki (MCI),0
3,63,0x30ebd0cdb2b08de200f67089a59048c3c9657eb7bf005a8717aaa9f0554b1307,Лава2,B.Fernandes (MUN),B.Fernandes (MUN),9
3,63,0x30ebd0cdb2b08de200f67089a59048c3c9657eb7bf005a8717aaa9f0554b1307,Лава3,Richarlison (TOT),Richarlison (TOT),0
4,59,0x77e3d3b82e77b7d66c537cef8d2c56ef05e52384dfa67366026b66d4530e9c80,1,Raya (ARS),Raya (ARS),6
4,59,0x77e3d3b82e77b7d66c537cef8d2c56ef05e52384dfa67366026b66d4530e9c80,2,Gabriel (ARS),Gabriel (ARS),6
4,59,0x77e3d3b82e77b7d66c537cef8d2c56ef05e52384dfa67366026b66d4530e9c80,3,Saliba (ARS),Saliba (ARS),8
4,59,0x77e3d3b82e77b7d66c537cef8d2c56ef05e52384dfa67366026b66d4530e9c80,4,O'Reilly (MCI),Tarkowski (EVE),1
4,59,0x77e3d3b82e77b7d66c537cef8d2c56ef05e52384dfa67366026b66d4530e9c80,5,O'Brien (EVE),O'Brien (EVE),0
4,59,0x77e3d3b82e77b7d66c537cef8d2c56ef05e52384dfa67366026b66d4530e9c80,6,Doku (MCI),Stach (LEE),3
4,59,0x77e3d3b82e77b7d66c537cef8d2c56ef05e52384dfa67366026b66d4530e9c80,7,O.Dango (BRE),O.Dango (BRE),15
4,59,0x77e3d3b82e77b7d66c537cef8d2c56ef05e52384dfa67366026b66d4530e9c80,8,Wilson (FUL),Wilson (FUL),1
4,59,0x77e3d3b82e77b7d66c537cef8d2c56ef05e52384dfa67366026b66d4530e9c80,9,Haaland (MCI),Beto (EVE),2
4,59,0x77e3d3b82e77b7d66c537cef8d2c56ef05e52384dfa67366026b66d4530e9c80,10,Thiago (BRE),Thiago (BRE),2
4,59,0x77e3d3b82e77b7d66c537cef8d2c56ef05e52384dfa67366026b66d4530e9c80,11,Osula (NEW),Osula (NEW),15
4,59,0x77e3d3b82e77b7d66c537cef8d2c56ef05e52384dfa67366026b66d4530e9c80,Лава1,Stach (LEE),Stach (LEE),3
4,59,0x77e3d3b82e77b7d66c537cef8d2c56ef05e52384dfa67366026b66d4530e9c80,Лава2,Tarkowski (EVE),Tarkowski (EVE),1
4,59,0x77e3d3b82e77b7d66c537cef8d2c56ef05e52384dfa67366026b66d4530e9c80,Лава3,Beto (EVE),Beto (EVE),2
5,59,0xfa01f04208e83dae4520a6e831bb2fb78cb07af954e42ada4e17810ecc1d9db6,1,Raya (ARS),Raya (ARS),6
5,59,0xfa01f04208e83dae4520a6e831bb2fb78cb07af954e42ada4e17810ecc1d9db6,2,Gabriel (ARS),Gabriel (ARS),6
5,59,0xfa01f04208e83dae4520a6e831bb2fb78cb07af954e42ada4e17810ecc1d9db6,3,Senesi (BOU),Senesi (BOU),0
5,59,0xfa01f04208e83dae4520a6e831bb2fb78cb07af954e42ada4e17810ecc1d9db6,4,Guéhi (MCI),Guéhi (MCI),0
5,59,0xfa01f04208e83dae4520a6e831bb2fb78cb07af954e42ada4e17810ecc1d9db6,5,Tarkowski (EVE),Tarkowski (EVE),1
5,59,0xfa01f04208e83dae4520a6e831bb2fb78cb07af954e42ada4e17810ecc1d9db6,6,B.Fernandes (MUN),B.Fernandes (MUN),9
5,59,0xfa01f04208e83dae4520a6e831bb2fb78cb07af954e42ada4e17810ecc1d9db6,7,Doku (MCI),Anderson (NFO),10
5,59,0xfa01f04208e83dae4520a6e831bb2fb78cb07af954e42ada4e17810ecc1d9db6,8,Dewsbury-Hall (EVE),Dewsbury-Hall (EVE),2
5,59,0xfa01f04208e83dae4520a6e831bb2fb78cb07af954e42ada4e17810ecc1d9db6,9,Haaland (MCI),Haaland (MCI),0
5,59,0xfa01f04208e83dae4520a6e831bb2fb78cb07af954e42ada4e17810ecc1d9db6,10,Watkins (AVL),Watkins (AVL),17
5,59,0xfa01f04208e83dae4520a6e831bb2fb78cb07af954e42ada4e17810ecc1d9db6,11,Calvert-Lewin (LEE),Calvert-Lewin (LEE),8
5,59,0xfa01f04208e83dae4520a6e831bb2fb78cb07af954e42ada4e17810ecc1d9db6,Лава1,Anderson (NFO),Anderson (NFO),10
5,59,0xfa01f04208e83dae4520a6e831bb2fb78cb07af954e42ada4e17810ecc1d9db6,Лава2,Casemiro (MUN),Casemiro (MUN),1
5,59,0xfa01f04208e83dae4520a6e831bb2fb78cb07af954e42ada4e17810ecc1d9db6,Лава3,Rayan (BOU),Rayan (BOU),0
6,58,0xd2d162d35e9bb1ce41663246ad63d5d8b8fa5ad233bc7626956b5a22f6586eeb,1,Henderson (CRY),Henderson (CRY),0
6,58,0xd2d162d35e9bb1ce41663246ad63d5d8b8fa5ad233bc7626956b5a22f6586eeb,2,O'Reilly (MCI),Van Hecke (BHA),2
6,58,0xd2d162d35e9bb1ce41663246ad63d5d8b8fa5ad233bc7626956b5a22f6586eeb,3,Lacroix (CRY),Lacroix (CRY),2
6,58,0xd2d162d35e9bb1ce41663246ad63d5d8b8fa5ad233bc7626956b5a22f6586eeb,4,Gabriel (ARS),Gabriel (ARS),6
6,58,0xd2d162d35e9bb1ce41663246ad63d5d8b8fa5ad233bc7626956b5a22f6586eeb,5,Saliba (ARS),Saliba (ARS),8
6,58,0xd2d162d35e9bb1ce41663246ad63d5d8b8fa5ad233bc7626956b5a22f6586eeb,6,Cherki (MCI),Hinshelwood (BHA),3
6,58,0xd2d162d35e9bb1ce41663246ad63d5d8b8fa5ad233bc7626956b5a22f6586eeb,7,Saka (ARS),Saka (ARS),8
6,58,0xd2d162d35e9bb1ce41663246ad63d5d8b8fa5ad233bc7626956b5a22f6586eeb,8,B.Fernandes (MUN),B.Fernandes (MUN),9
6,58,0xd2d162d35e9bb1ce41663246ad63d5d8b8fa5ad233bc7626956b5a22f6586eeb,9,Haaland (MCI),Watkins (AVL),17
6,58,0xd2d162d35e9bb1ce41663246ad63d5d8b8fa5ad233bc7626956b5a22f6586eeb,10,Welbeck (BHA),Welbeck (BHA),2
6,58,0xd2d162d35e9bb1ce41663246ad63d5d8b8fa5ad233bc7626956b5a22f6586eeb,11,Mateta (CRY),Mateta (CRY),1
6,58,0xd2d162d35e9bb1ce41663246ad63d5d8b8fa5ad233bc7626956b5a22f6586eeb,Лава1,Watkins (AVL),Watkins (AVL),17
6,58,0xd2d162d35e9bb1ce41663246ad63d5d8b8fa5ad233bc7626956b5a22f6586eeb,Лава2,Van Hecke (BHA),Van Hecke (BHA),2
6,58,0xd2d162d35e9bb1ce41663246ad63d5d8b8fa5ad233bc7626956b5a22f6586eeb,Лава3,Hinshelwood (BHA),Hinshelwood (BHA),3
7,56,0xcd29f5777124c8c95f8c8fac9e0627cad1808195ccacc77aaa26084959b98943,1,Donnarumma (MCI),Donnarumma (MCI),0
7,56,0xcd29f5777124c8c95f8c8fac9e0627cad1808195ccacc77aaa26084959b98943,2,Shaw (MUN),Shaw (MUN),6
7,56,0xcd29f5777124c8c95f8c8fac9e0627cad1808195ccacc77aaa26084959b98943,3,Maguire (MUN),Maguire (MUN),1
7,56,0xcd29f5777124c8c95f8c8fac9e0627cad1808195ccacc77aaa26084959b98943,4,Saliba (ARS),Saliba (ARS),8
7,56,0xcd29f5777124c8c95f8c8fac9e0627cad1808195ccacc77aaa26084959b98943,5,Cash (AVL),Cash (AVL),0
7,56,0xcd29f5777124c8c95f8c8fac9e0627cad1808195ccacc77aaa26084959b98943,6,Rodrigo (MCI),Saka (ARS),8
7,56,0xcd29f5777124c8c95f8c8fac9e0627cad1808195ccacc77aaa26084959b98943,7,Rice (ARS),Rice (ARS),3
7,56,0xcd29f5777124c8c95f8c8fac9e0627cad1808195ccacc77aaa26084959b98943,8,B.Fernandes (MUN),B.Fernandes (MUN),9
7,56,0xcd29f5777124c8c95f8c8fac9e0627cad1808195ccacc77aaa26084959b98943,9,Watkins (AVL),Watkins (AVL),17
7,56,0xcd29f5777124c8c95f8c8fac9e0627cad1808195ccacc77aaa26084959b98943,10,Haaland (MCI),Welbeck (BHA),2
7,56,0xcd29f5777124c8c95f8c8fac9e0627cad1808195ccacc77aaa26084959b98943,11,Bowen (WHU),Bowen (WHU),2
7,56,0xcd29f5777124c8c95f8c8fac9e0627cad1808195ccacc77aaa26084959b98943,Лава1,Saka (ARS),Saka (ARS),8
7,56,0xcd29f5777124c8c95f8c8fac9e0627cad1808195ccacc77aaa26084959b98943,Лава2,M.Salah (LIV),M.Salah (LIV),1
7,56,0xcd29f5777124c8c95f8c8fac9e0627cad1808195ccacc77aaa26084959b98943,Лава3,Welbeck (BHA),Welbeck (BHA),2
8,56,0x93595cdf24f06f0e0b623d9f0d4302b260b22c73b039d8a7121d9da9b792e552,1,Raya (ARS),Raya (ARS),6
8,56,0x93595cdf24f06f0e0b623d9f0d4302b260b22c73b039d8a7121d9da9b792e552,2,Calafiori (ARS),Calafiori (ARS),6
8,56,0x93595cdf24f06f0e0b623d9f0d4302b260b22c73b039d8a7121d9da9b792e552,3,Gabriel (ARS),Gabriel (ARS),6
8,56,0x93595cdf24f06f0e0b623d9f0d4302b260b22c73b039d8a7121d9da9b792e552,4,Guéhi (MCI),Guéhi (MCI),0
8,56,0x93595cdf24f06f0e0b623d9f0d4302b260b22c73b039d8a7121d9da9b792e552,5,Matheus N. (MCI),Matheus N. (MCI),0
8,56,0x93595cdf24f06f0e0b623d9f0d4302b260b22c73b039d8a7121d9da9b792e552,6,Bernardo (MCI),Ndiaye (EVE),2
8,56,0x93595cdf24f06f0e0b623d9f0d4302b260b22c73b039d8a7121d9da9b792e552,7,Caicedo (CHE),Caicedo (CHE),0
8,56,0x93595cdf24f06f0e0b623d9f0d4302b260b22c73b039d8a7121d9da9b792e552,8,Wharton (CRY),Wharton (CRY),9
8,56,0x93595cdf24f06f0e0b623d9f0d4302b260b22c73b039d8a7121d9da9b792e552,9,Calvert-Lewin (LEE),Calvert-Lewin (LEE),8
8,56,0x93595cdf24f06f0e0b623d9f0d4302b260b22c73b039d8a7121d9da9b792e552,10,Isak (LIV),Welbeck (BHA),2
8,56,0x93595cdf24f06f0e0b623d9f0d4302b260b22c73b039d8a7121d9da9b792e552,11,Watkins (AVL),Watkins (AVL),17
8,56,0x93595cdf24f06f0e0b623d9f0d4302b260b22c73b039d8a7121d9da9b792e552,Лава1,Ndiaye (EVE),Ndiaye (EVE),2
8,56,0x93595cdf24f06f0e0b623d9f0d4302b260b22c73b039d8a7121d9da9b792e552,Лава2,Welbeck (BHA),Welbeck (BHA),2
8,56,0x93595cdf24f06f0e0b623d9f0d4302b260b22c73b039d8a7121d9da9b792e552,Лава3,Cucurella (CHE),Cucurella (CHE),0
9,56,0x1efe7878aa62c5055caf040ec5dd3d15bc5bc6da8aba80aeb3f284df72fed78d,1,Lammens (MUN),Lammens (MUN),1
9,56,0x1efe7878aa62c5055caf040ec5dd3d15bc5bc6da8aba80aeb3f284df72fed78d,2,Gabriel (ARS),Gabriel (ARS),6
9,56,0x1efe7878aa62c5055caf040ec5dd3d15bc5bc6da8aba80aeb3f284df72fed78d,3,Saliba (ARS),Saliba (ARS),8
9,56,0x1efe7878aa62c5055caf040ec5dd3d15bc5bc6da8aba80aeb3f284df72fed78d,4,Maguire (MUN),Maguire (MUN),1
9,56,0x1efe7878aa62c5055caf040ec5dd3d15bc5bc6da8aba80aeb3f284df72fed78d,5,O'Reilly (MCI),Mykolenko (EVE),1
9,56,0x1efe7878aa62c5055caf040ec5dd3d15bc5bc6da8aba80aeb3f284df72fed78d,6,Rogers (AVL),Rogers (AVL),12
9,56,0x1efe7878aa62c5055caf040ec5dd3d15bc5bc6da8aba80aeb3f284df72fed78d,7,Saka (ARS),Saka (ARS),8
9,56,0x1efe7878aa62c5055caf040ec5dd3d15bc5bc6da8aba80aeb3f284df72fed78d,8,Semenyo (MCI),Semenyo (MCI),0
9,56,0x1efe7878aa62c5055caf040ec5dd3d15bc5bc6da8aba80aeb3f284df72fed78d,9,Watkins (AVL),Watkins (AVL),17
9,56,0x1efe7878aa62c5055caf040ec5dd3d15bc5bc6da8aba80aeb3f284df72fed78d,10,Haaland (MCI),Thiago (BRE),2
9,56,0x1efe7878aa62c5055caf040ec5dd3d15bc5bc6da8aba80aeb3f284df72fed78d,11,Richarlison (TOT),Richarlison (TOT),0
9,56,0x1efe7878aa62c5055caf040ec5dd3d15bc5bc6da8aba80aeb3f284df72fed78d,Лава1,Thiago (BRE),Thiago (BRE),2
9,56,0x1efe7878aa62c5055caf040ec5dd3d15bc5bc6da8aba80aeb3f284df72fed78d,Лава2,Palmer (CHE),Palmer (CHE),0
9,56,0x1efe7878aa62c5055caf040ec5dd3d15bc5bc6da8aba80aeb3f284df72fed78d,Лава3,Mykolenko (EVE),Mykolenko (EVE),1
10,53,0xfa26c6ccb1bf0aa785439105cde285ff8510d2505c5b603f4b6b183e68270811,1,Raya (ARS),Raya (ARS),6
10,53,0xfa26c6ccb1bf0aa785439105cde285ff8510d2505c5b603f4b6b183e68270811,2,Gabriel (ARS),Gabriel (ARS),6
10,53,0xfa26c6ccb1bf0aa785439105cde285ff8510d2505c5b603f4b6b183e68270811,3,Saliba (ARS),Saliba (ARS),8
10,53,0xfa26c6ccb1bf0aa785439105cde285ff8510d2505c5b603f4b6b183e68270811,4,Mykolenko (EVE),Mykolenko (EVE),1
10,53,0xfa26c6ccb1bf0aa785439105cde285ff8510d2505c5b603f4b6b183e68270811,5,Maguire (MUN),Maguire (MUN),1
10,53,0xfa26c6ccb1bf0aa785439105cde285ff8510d2505c5b603f4b6b183e68270811,6,B.Fernandes (MUN),B.Fernandes (MUN),9
10,53,0xfa26c6ccb1bf0aa785439105cde285ff8510d2505c5b603f4b6b183e68270811,7,Doku (MCI),Schade (BRE),1
10,53,0xfa26c6ccb1bf0aa785439105cde285ff8510d2505c5b603f4b6b183e68270811,8,Semenyo (MCI),Semenyo (MCI),0
10,53,0xfa26c6ccb1bf0aa785439105cde285ff8510d2505c5b603f4b6b183e68270811,9,Haaland (MCI),Welbeck (BHA),2
10,53,0xfa26c6ccb1bf0aa785439105cde285ff8510d2505c5b603f4b6b183e68270811,10,Thiago (BRE),Thiago (BRE),2
10,53,0xfa26c6ccb1bf0aa785439105cde285ff8510d2505c5b603f4b6b183e68270811,11,Watkins (AVL),Watkins (AVL),17
10,53,0xfa26c6ccb1bf0aa785439105cde285ff8510d2505c5b603f4b6b183e68270811,Лава1,Tarkowski (EVE),Tarkowski (EVE),1
10,53,0xfa26c6ccb1bf0aa785439105cde285ff8510d2505c5b603f4b6b183e68270811,Лава2,Schade (BRE),Schade (BRE),1
10,53,0xfa26c6ccb1bf0aa785439105cde285ff8510d2505c5b603f4b6b183e68270811,Лава3,Welbeck (BHA),Welbeck (BHA),2
11,53,0x1f0da681303bdc616d438c0acc59b42c65007e6ae42712c1b130e2e44331a3e5,1,Raya (ARS),Raya (ARS),6
11,53,0x1f0da681303bdc616d438c0acc59b42c65007e6ae42712c1b130e2e44331a3e5,2,Khusanov (MCI),Khusanov (MCI),0
11,53,0x1f0da681303bdc616d438c0acc59b42c65007e6ae42712c1b130e2e44331a3e5,3,Gabriel (ARS),Gabriel (ARS),6
11,53,0x1f0da681303bdc616d438c0acc59b42c65007e6ae42712c1b130e2e44331a3e5,4,Truffert (BOU),Truffert (BOU),0
11,53,0x1f0da681303bdc616d438c0acc59b42c65007e6ae42712c1b130e2e44331a3e5,5,Virgil (LIV),Virgil (LIV),12
11,53,0x1f0da681303bdc616d438c0acc59b42c65007e6ae42712c1b130e2e44331a3e5,6,Szoboszlai (LIV),Szoboszlai (LIV),9
11,53,0x1f0da681303bdc616d438c0acc59b42c65007e6ae42712c1b130e2e44331a3e5,7,Saka (ARS),Saka (ARS),8
11,53,0x1f0da681303bdc616d438c0acc59b42c65007e6ae42712c1b130e2e44331a3e5,8,B.Fernandes (MUN),B.Fernandes (MUN),9
11,53,0x1f0da681303bdc616d438c0acc59b42c65007e6ae42712c1b130e2e44331a3e5,9,Abraham (AVL),Thiago (BRE),2
11,53,0x1f0da681303bdc616d438c0acc59b42c65007e6ae42712c1b130e2e44331a3e5,10,Kostoulas (BHA),Kostoulas (BHA),1
11,53,0x1f0da681303bdc616d438c0acc59b42c65007e6ae42712c1b130e2e44331a3e5,11,Haaland (MCI),Haaland (MCI),0
11,53,0x1f0da681303bdc616d438c0acc59b42c65007e6ae42712c1b130e2e44331a3e5,Лава1,Rúben (MCI),Rúben (MCI),0
11,53,0x1f0da681303bdc616d438c0acc59b42c65007e6ae42712c1b130e2e44331a3e5,Лава2,Thiago (BRE),Thiago (BRE),2
11,53,0x1f0da681303bdc616d438c0acc59b42c65007e6ae42712c1b130e2e44331a3e5,Лава3,Bruno G. (NEW),Bruno G. (NEW),2
12,52,0x79065533bd4e3ed76a1e87b673e6339a7699cf7e9efa1d9404712dce3c6b092a,1,Verbruggen (BHA),Verbruggen (BHA),2
12,52,0x79065533bd4e3ed76a1e87b673e6339a7699cf7e9efa1d9404712dce3c6b092a,2,Gabriel (ARS),Gabriel (ARS),6
12,52,0x79065533bd4e3ed76a1e87b673e6339a7699cf7e9efa1d9404712dce3c6b092a,3,O'Reilly (MCI),Digne (AVL),4
12,52,0x79065533bd4e3ed76a1e87b673e6339a7699cf7e9efa1d9404712dce3c6b092a,4,Van Hecke (BHA),Van Hecke (BHA),2
12,52,0x79065533bd4e3ed76a1e87b673e6339a7699cf7e9efa1d9404712dce3c6b092a,5,Lacroix (CRY),Lacroix (CRY),2
12,52,0x79065533bd4e3ed76a1e87b673e6339a7699cf7e9efa1d9404712dce3c6b092a,6,Saka (ARS),Saka (ARS),8
12,52,0x79065533bd4e3ed76a1e87b673e6339a7699cf7e9efa1d9404712dce3c6b092a,7,B.Fernandes (MUN),B.Fernandes (MUN),9
12,52,0x79065533bd4e3ed76a1e87b673e6339a7699cf7e9efa1d9404712dce3c6b092a,8,Cherki (MCI),Cherki (MCI),0
12,52,0x79065533bd4e3ed76a1e87b673e6339a7699cf7e9efa1d9404712dce3c6b092a,9,Haaland (MCI),Haaland (MCI),0
12,52,0x79065533bd4e3ed76a1e87b673e6339a7699cf7e9efa1d9404712dce3c6b092a,10,Welbeck (BHA),Welbeck (BHA),2
12,52,0x79065533bd4e3ed76a1e87b673e6339a7699cf7e9efa1d9404712dce3c6b092a,11,Watkins (AVL),Watkins (AVL),17
12,52,0x79065533bd4e3ed76a1e87b673e6339a7699cf7e9efa1d9404712dce3c6b092a,Лава1,Abraham (AVL),Abraham (AVL),0
12,52,0x79065533bd4e3ed76a1e87b673e6339a7699cf7e9efa1d9404712dce3c6b092a,Лава2,Merino (ARS),Merino (ARS),0
12,52,0x79065533bd4e3ed76a1e87b673e6339a7699cf7e9efa1d9404712dce3c6b092a,Лава3,Digne (AVL),Digne (AVL),4
13,52,0x29d40aa6ead205dc22bd7b4754c88db9cbea02688a518065f09e0c1b0d964b7f,1,Raya (ARS),Raya (ARS),6
13,52,0x29d40aa6ead205dc22bd7b4754c88db9cbea02688a518065f09e0c1b0d964b7f,2,Gvardiol (MCI),Tarkowski (EVE),1
13,52,0x29d40aa6ead205dc22bd7b4754c88db9cbea02688a518065f09e0c1b0d964b7f,3,Gabriel (ARS),Gabriel (ARS),6
13,52,0x29d40aa6ead205dc22bd7b4754c88db9cbea02688a518065f09e0c1b0d964b7f,4,Pedro Porro (TOT),Pedro Porro (TOT),0
13,52,0x29d40aa6ead205dc22bd7b4754c88db9cbea02688a518065f09e0c1b0d964b7f,5,Saliba (ARS),Saliba (ARS),8
13,52,0x29d40aa6ead205dc22bd7b4754c88db9cbea02688a518065f09e0c1b0d964b7f,6,M.Salah (LIV),M.Salah (LIV),1
13,52,0x29d40aa6ead205dc22bd7b4754c88db9cbea02688a518065f09e0c1b0d964b7f,7,Palmer (CHE),J.Gomes (WOL),2
13,52,0x29d40aa6ead205dc22bd7b4754c88db9cbea02688a518065f09e0c1b0d964b7f,8,B.Fernandes (MUN),B.Fernandes (MUN),9
13,52,0x29d40aa6ead205dc22bd7b4754c88db9cbea02688a518065f09e0c1b0d964b7f,9,Haaland (MCI),Wood (NFO),2
13,52,0x29d40aa6ead205dc22bd7b4754c88db9cbea02688a518065f09e0c1b0d964b7f,10,Watkins (AVL),Watkins (AVL),17
13,52,0x29d40aa6ead205dc22bd7b4754c88db9cbea02688a518065f09e0c1b0d964b7f,11,Isak (LIV),Isak (LIV),0
13,52,0x29d40aa6ead205dc22bd7b4754c88db9cbea02688a518065f09e0c1b0d964b7f,Лава1,Tarkowski (EVE),Tarkowski (EVE),1
13,52,0x29d40aa6ead205dc22bd7b4754c88db9cbea02688a518065f09e0c1b0d964b7f,Лава2,J.Gomes (WOL),J.Gomes (WOL),2
13,52,0x29d40aa6ead205dc22bd7b4754c88db9cbea02688a518065f09e0c1b0d964b7f,Лава3,Wood (NFO),Wood (NFO),2
14,52,0xeb248c76baf844b8f5101cd62d403e9318d75f4d61b8e58b2a89c1cc5a299101,1,Raya (ARS),Raya (ARS),6
14,52,0xeb248c76baf844b8f5101cd62d403e9318d75f4d61b8e58b2a89c1cc5a299101,2,Gabriel (ARS),Gabriel (ARS),6
14,52,0xeb248c76baf844b8f5101cd62d403e9318d75f4d61b8e58b2a89c1cc5a299101,3,Saliba (ARS),Saliba (ARS),8
14,52,0xeb248c76baf844b8f5101cd62d403e9318d75f4d61b8e58b2a89c1cc5a299101,4,Digne (AVL),Digne (AVL),4
14,52,0xeb248c76baf844b8f5101cd62d403e9318d75f4d61b8e58b2a89c1cc5a299101,5,Konsa (AVL),Konsa (AVL),1
14,52,0xeb248c76baf844b8f5101cd62d403e9318d75f4d61b8e58b2a89c1cc5a299101,6,Rogers (AVL),Rogers (AVL),12
14,52,0xeb248c76baf844b8f5101cd62d403e9318d75f4d61b8e58b2a89c1cc5a299101,7,Kluivert (BOU),Kluivert (BOU),0
14,52,0xeb248c76baf844b8f5101cd62d403e9318d75f4d61b8e58b2a89c1cc5a299101,8,Rayan (BOU),Rayan (BOU),0
14,52,0xeb248c76baf844b8f5101cd62d403e9318d75f4d61b8e58b2a89c1cc5a299101,9,Awoniyi (NFO),Awoniyi (NFO),1
14,52,0xeb248c76baf844b8f5101cd62d403e9318d75f4d61b8e58b2a89c1cc5a299101,10,Lucca (NFO),Isidor (SUN),6
14,52,0xeb248c76baf844b8f5101cd62d403e9318d75f4d61b8e58b2a89c1cc5a299101,11,Richarlison (TOT),Brobbey (SUN),8
14,52,0xeb248c76baf844b8f5101cd62d403e9318d75f4d61b8e58b2a89c1cc5a299101,Лава1,Isidor (SUN),Isidor (SUN),6
14,52,0xeb248c76baf844b8f5101cd62d403e9318d75f4d61b8e58b2a89c1cc5a299101,Лава2,Brobbey (SUN),Brobbey (SUN),8
14,52,0xeb248c76baf844b8f5101cd62d403e9318d75f4d61b8e58b2a89c1cc5a299101,Лава3,De Cuyper (BHA),De Cuyper (BHA),2
15,52,0x2d9e2e429fecf088618bd4e95100c9c39daf9514cec096ab4a1e1b9c93abc47e,1,Raya (ARS),Raya (ARS),6
15,52,0x2d9e2e429fecf088618bd4e95100c9c39daf9514cec096ab4a1e1b9c93abc47e,2,Lewis-Skelly (ARS),Lewis-Skelly (ARS),1
15,52,0x2d9e2e429fecf088618bd4e95100c9c39daf9514cec096ab4a1e1b9c93abc47e,3,Matheus N. (MCI),Mosquera (ARS),6
15,52,0x2d9e2e429fecf088618bd4e95100c9c39daf9514cec096ab4a1e1b9c93abc47e,4,Martinez (MUN),Martinez (MUN),1
15,52,0x2d9e2e429fecf088618bd4e95100c9c39daf9514cec096ab4a1e1b9c93abc47e,5,Dalot (MUN),Dalot (MUN),1
15,52,0x2d9e2e429fecf088618bd4e95100c9c39daf9514cec096ab4a1e1b9c93abc47e,6,Rogers (AVL),Rogers (AVL),12
15,52,0x2d9e2e429fecf088618bd4e95100c9c39daf9514cec096ab4a1e1b9c93abc47e,7,B.Fernandes (MUN),B.Fernandes (MUN),9
15,52,0x2d9e2e429fecf088618bd4e95100c9c39daf9514cec096ab4a1e1b9c93abc47e,8,Mitoma (BHA),McGinn (AVL),6
15,52,0x2d9e2e429fecf088618bd4e95100c9c39daf9514cec096ab4a1e1b9c93abc47e,9,Thiago (BRE),Thiago (BRE),2
15,52,0x2d9e2e429fecf088618bd4e95100c9c39daf9514cec096ab4a1e1b9c93abc47e,10,Calvert-Lewin (LEE),Calvert-Lewin (LEE),8
15,52,0x2d9e2e429fecf088618bd4e95100c9c39daf9514cec096ab4a1e1b9c93abc47e,11,Isak (LIV),Isak (LIV),0
15,52,0x2d9e2e429fecf088618bd4e95100c9c39daf9514cec096ab4a1e1b9c93abc47e,Лава1,Evanilson (BOU),Evanilson (BOU),0
15,52,0x2d9e2e429fecf088618bd4e95100c9c39daf9514cec096ab4a1e1b9c93abc47e,Лава2,McGinn (AVL),McGinn (AVL),6
15,52,0x2d9e2e429fecf088618bd4e95100c9c39daf9514cec096ab4a1e1b9c93abc47e,Лава3,Mosquera (ARS),Mosquera (ARS),6
16,51,0x1f23a0e229b72294b63727d543fa9331c59d264227186504c849ffd2a512d3cb,1,Raya (ARS),Raya (ARS),6
16,51,0x1f23a0e229b72294b63727d543fa9331c59d264227186504c849ffd2a512d3cb,2,Gabriel (ARS),Gabriel (ARS),6
16,51,0x1f23a0e229b72294b63727d543fa9331c59d264227186504c849ffd2a512d3cb,3,Saliba (ARS),Saliba (ARS),8
16,51,0x1f23a0e229b72294b63727d543fa9331c59d264227186504c849ffd2a512d3cb,4,Mazraoui (MUN),Lewis-Potter (BRE),1
16,51,0x1f23a0e229b72294b63727d543fa9331c59d264227186504c849ffd2a512d3cb,5,Maguire (MUN),Maguire (MUN),1
16,51,0x1f23a0e229b72294b63727d543fa9331c59d264227186504c849ffd2a512d3cb,6,Doku (MCI),Schade (BRE),1
16,51,0x1f23a0e229b72294b63727d543fa9331c59d264227186504c849ffd2a512d3cb,7,Semenyo (MCI),Semenyo (MCI),0
16,51,0x1f23a0e229b72294b63727d543fa9331c59d264227186504c849ffd2a512d3cb,8,B.Fernandes (MUN),B.Fernandes (MUN),9
16,51,0x1f23a0e229b72294b63727d543fa9331c59d264227186504c849ffd2a512d3cb,9,Haaland (MCI),Watkins (AVL),17
16,51,0x1f23a0e229b72294b63727d543fa9331c59d264227186504c849ffd2a512d3cb,10,Thiago (BRE),Thiago (BRE),2
16,51,0x1f23a0e229b72294b63727d543fa9331c59d264227186504c849ffd2a512d3cb,11,João Pedro (CHE),João Pedro (CHE),0
16,51,0x1f23a0e229b72294b63727d543fa9331c59d264227186504c849ffd2a512d3cb,Лава1,Lewis-Potter (BRE),Lewis-Potter (BRE),1
16,51,0x1f23a0e229b72294b63727d543fa9331c59d264227186504c849ffd2a512d3cb,Лава2,Schade (BRE),Schade (BRE),1
16,51,0x1f23a0e229b72294b63727d543fa9331c59d264227186504c849ffd2a512d3cb,Лава3,Watkins (AVL),Watkins (AVL),17
17,51,0xc40d711f94276d4b11a5ff701b249448df5252e969008653980e34c0408a1589,1,Raya (ARS),Raya (ARS),6
17,51,0xc40d711f94276d4b11a5ff701b249448df5252e969008653980e34c0408a1589,2,Saliba (ARS),Saliba (ARS),8
17,51,0xc40d711f94276d4b11a5ff701b249448df5252e969008653980e34c0408a1589,3,Gvardiol (MCI),Gvardiol (MCI),0
17,51,0xc40d711f94276d4b11a5ff701b249448df5252e969008653980e34c0408a1589,4,Trippier (NEW),Trippier (NEW),2
17,51,0xc40d711f94276d4b11a5ff701b249448df5252e969008653980e34c0408a1589,5,O'Reilly (MCI),O'Reilly (MCI),0
17,51,0xc40d711f94276d4b11a5ff701b249448df5252e969008653980e34c0408a1589,6,M.Salah (LIV),M.Salah (LIV),1
17,51,0xc40d711f94276d4b11a5ff701b249448df5252e969008653980e34c0408a1589,7,Saka (ARS),Saka (ARS),8
17,51,0xc40d711f94276d4b11a5ff701b249448df5252e969008653980e34c0408a1589,8,Palmer (CHE),B.Fernandes (MUN),9
17,51,0xc40d711f94276d4b11a5ff701b249448df5252e969008653980e34c0408a1589,9,Haaland (MCI),Haaland (MCI),0
17,51,0xc40d711f94276d4b11a5ff701b249448df5252e969008653980e34c0408a1589,10,Isak (LIV),Isak (LIV),0
17,51,0xc40d711f94276d4b11a5ff701b249448df5252e969008653980e34c0408a1589,11,Watkins (AVL),Watkins (AVL),17
17,51,0xc40d711f94276d4b11a5ff701b249448df5252e969008653980e34c0408a1589,Лава1,Gordon (NEW),Gordon (NEW),0
17,51,0xc40d711f94276d4b11a5ff701b249448df5252e969008653980e34c0408a1589,Лава2,Pickford (EVE),Pickford (EVE),1
17,51,0xc40d711f94276d4b11a5ff701b249448df5252e969008653980e34c0408a1589,Лава3,B.Fernandes (MUN),B.Fernandes (MUN),9
18,51,0xc799a551b6832427ff050c655a305af73abc9323e5cce4508f712ac93c95f1b6,1,Leno (FUL),Leno (FUL),2
18,51,0xc799a551b6832427ff050c655a305af73abc9323e5cce4508f712ac93c95f1b6,2,O'Reilly (MCI),Muñoz (CRY),4
18,51,0xc799a551b6832427ff050c655a305af73abc9323e5cce4508f712ac93c95f1b6,3,Khusanov (MCI),Khusanov (MCI),0
18,51,0xc799a551b6832427ff050c655a305af73abc9323e5cce4508f712ac93c95f1b6,4,Mavropanos (WHU),Mavropanos (WHU),1
18,51,0xc799a551b6832427ff050c655a305af73abc9323e5cce4508f712ac93c95f1b6,5,Pedro Porro (TOT),Pedro Porro (TOT),0
18,51,0xc799a551b6832427ff050c655a305af73abc9323e5cce4508f712ac93c95f1b6,6,Gibbs-White (NFO),Gibbs-White (NFO),7
18,51,0xc799a551b6832427ff050c655a305af73abc9323e5cce4508f712ac93c95f1b6,7,Cherki (MCI),Groß (BHA),3
18,51,0xc799a551b6832427ff050c655a305af73abc9323e5cce4508f712ac93c95f1b6,8,Okafor (LEE),Okafor (LEE),0
18,51,0xc799a551b6832427ff050c655a305af73abc9323e5cce4508f712ac93c95f1b6,9,Bowen (WHU),Bowen (WHU),2
18,51,0xc799a551b6832427ff050c655a305af73abc9323e5cce4508f712ac93c95f1b6,10,Watkins (AVL),Watkins (AVL),17
18,51,0xc799a551b6832427ff050c655a305af73abc9323e5cce4508f712ac93c95f1b6,11,Osula (NEW),Osula (NEW),15
18,51,0xc799a551b6832427ff050c655a305af73abc9323e5cce4508f712ac93c95f1b6,Лава1,Groß (BHA),Groß (BHA),3
18,51,0xc799a551b6832427ff050c655a305af73abc9323e5cce4508f712ac93c95f1b6,Лава2,Muñoz (CRY),Muñoz (CRY),4
18,51,0xc799a551b6832427ff050c655a305af73abc9323e5cce4508f712ac93c95f1b6,Лава3,Mateta (CRY),Mateta (CRY),1
19,51,0xa068815251f77494382e9a422b15563c2f1e917a1abd12648c6b1c9f7b080b9d,1,Raya (ARS),Raya (ARS),6
19,51,0xa068815251f77494382e9a422b15563c2f1e917a1abd12648c6b1c9f7b080b9d,2,Gabriel (ARS),Gabriel (ARS),6
19,51,0xa068815251f77494382e9a422b15563c2f1e917a1abd12648c6b1c9f7b080b9d,3,Gvardiol (MCI),H.Bueno (WOL),1
19,51,0xa068815251f77494382e9a422b15563c2f1e917a1abd12648c6b1c9f7b080b9d,4,Dunk (BHA),Dunk (BHA),2
19,51,0xa068815251f77494382e9a422b15563c2f1e917a1abd12648c6b1c9f7b080b9d,5,Tarkowski (EVE),Tarkowski (EVE),1
19,51,0xa068815251f77494382e9a422b15563c2f1e917a1abd12648c6b1c9f7b080b9d,6,Saka (ARS),Saka (ARS),8
19,51,0xa068815251f77494382e9a422b15563c2f1e917a1abd12648c6b1c9f7b080b9d,7,B.Fernandes (MUN),B.Fernandes (MUN),9
19,51,0xa068815251f77494382e9a422b15563c2f1e917a1abd12648c6b1c9f7b080b9d,8,McNeil (EVE),McNeil (EVE),1
19,51,0xa068815251f77494382e9a422b15563c2f1e917a1abd12648c6b1c9f7b080b9d,9,Haaland (MCI),Haaland (MCI),0
19,51,0xa068815251f77494382e9a422b15563c2f1e917a1abd12648c6b1c9f7b080b9d,10,Watkins (AVL),Watkins (AVL),17
19,51,0xa068815251f77494382e9a422b15563c2f1e917a1abd12648c6b1c9f7b080b9d,11,Isak (LIV),Isak (LIV),0
19,51,0xa068815251f77494382e9a422b15563c2f1e917a1abd12648c6b1c9f7b080b9d,Лава1,João Pedro (CHE),João Pedro (CHE),0
19,51,0xa068815251f77494382e9a422b15563c2f1e917a1abd12648c6b1c9f7b080b9d,Лава2,H.Bueno (WOL),H.Bueno (WOL),1
19,51,0xa068815251f77494382e9a422b15563c2f1e917a1abd12648c6b1c9f7b080b9d,Лава3,Gordon (NEW),Gordon (NEW),0
20,51,0x7ac1b89415607050d262b1fc8d0585674cb122db037c7d3ae752962763dd3691,1,A.Becker (LIV),A.Becker (LIV),0
20,51,0x7ac1b89415607050d262b1fc8d0585674cb122db037c7d3ae752962763dd3691,2,Pedro Porro (TOT),Pedro Porro (TOT),0
20,51,0x7ac1b89415607050d262b1fc8d0585674cb122db037c7d3ae752962763dd3691,3,Saliba (ARS),Saliba (ARS),8
20,51,0x7ac1b89415607050d262b1fc8d0585674cb122db037c7d3ae752962763dd3691,4,Virgil (LIV),Virgil (LIV),12
20,51,0x7ac1b89415607050d262b1fc8d0585674cb122db037c7d3ae752962763dd3691,5,Udogie (TOT),Udogie (TOT),0
20,51,0x7ac1b89415607050d262b1fc8d0585674cb122db037c7d3ae752962763dd3691,6,Palmer (CHE),Rice (ARS),3
20,51,0x7ac1b89415607050d262b1fc8d0585674cb122db037c7d3ae752962763dd3691,7,Rodrigo (MCI),M.Salah (LIV),1
20,51,0x7ac1b89415607050d262b1fc8d0585674cb122db037c7d3ae752962763dd3691,8,B.Fernandes (MUN),B.Fernandes (MUN),9
20,51,0x7ac1b89415607050d262b1fc8d0585674cb122db037c7d3ae752962763dd3691,9,Watkins (AVL),Watkins (AVL),17
20,51,0x7ac1b89415607050d262b1fc8d0585674cb122db037c7d3ae752962763dd3691,10,Haaland (MCI),Haaland (MCI),0
20,51,0x7ac1b89415607050d262b1fc8d0585674cb122db037c7d3ae752962763dd3691,11,Mateta (CRY),Mateta (CRY),1
20,51,0x7ac1b89415607050d262b1fc8d0585674cb122db037c7d3ae752962763dd3691,Лава1,Rice (ARS),Rice (ARS),3
20,51,0x7ac1b89415607050d262b1fc8d0585674cb122db037c7d3ae752962763dd3691,Лава2,M.Salah (LIV),M.Salah (LIV),1
20,51,0x7ac1b89415607050d262b1fc8d0585674cb122db037c7d3ae752962763dd3691,Лава3,Van de Ven (TOT),Van de Ven (TOT),0
21,50,0xc934f20787c282067450cb7f02d132aff904c7004dacce937fa257c0c818489e,1,Raya (ARS),Raya (ARS),6
21,50,0xc934f20787c282067450cb7f02d132aff904c7004dacce937fa257c0c818489e,2,Gabriel (ARS),Gabriel (ARS),6
21,50,0xc934f20787c282067450cb7f02d132aff904c7004dacce937fa257c0c818489e,3,Calafiori (ARS),Calafiori (ARS),6
21,50,0xc934f20787c282067450cb7f02d132aff904c7004dacce937fa257c0c818489e,4,O'Reilly (MCI),Muñoz (CRY),4
21,50,0xc934f20787c282067450cb7f02d132aff904c7004dacce937fa257c0c818489e,5,James (CHE),James (CHE),0
21,50,0xc934f20787c282067450cb7f02d132aff904c7004dacce937fa257c0c818489e,6,O'Riley (BHA),O'Riley (BHA),0
21,50,0xc934f20787c282067450cb7f02d132aff904c7004dacce937fa257c0c818489e,7,B.Fernandes (MUN),B.Fernandes (MUN),9
21,50,0xc934f20787c282067450cb7f02d132aff904c7004dacce937fa257c0c818489e,8,Doku (MCI),Doku (MCI),0
21,50,0xc934f20787c282067450cb7f02d132aff904c7004dacce937fa257c0c818489e,9,Haaland (MCI),Bowen (WHU),2
21,50,0xc934f20787c282067450cb7f02d132aff904c7004dacce937fa257c0c818489e,10,João Pedro (CHE),João Pedro (CHE),0
21,50,0xc934f20787c282067450cb7f02d132aff904c7004dacce937fa257c0c818489e,11,Watkins (AVL),Watkins (AVL),17
21,50,0xc934f20787c282067450cb7f02d132aff904c7004dacce937fa257c0c818489e,Лава1,Muñoz (CRY),Muñoz (CRY),4
21,50,0xc934f20787c282067450cb7f02d132aff904c7004dacce937fa257c0c818489e,Лава2,Palmer (CHE),Palmer (CHE),0
21,50,0xc934f20787c282067450cb7f02d132aff904c7004dacce937fa257c0c818489e,Лава3,Bowen (WHU),Bowen (WHU),2
