address,toursEntered,eplTours,wcTours,bestRank,podiums,topTen,prizesWon,prizeMOVE,prizeUSDCx,unclaimedMOVE,unclaimedUSDCx,bracketPrediction
0x1f23a0e229b72294b63727d543fa9331c59d264227186504c849ffd2a512d3cb,13,7,6,1,7,11,11,2019.135,31.68,0,6,yes
0xf40a44a4b6886c9de4919a51bbc6dbe626cf2e0e39d340f64570991d4d934973,9,3,6,2,4,6,6,2740,18.88,0,0,yes
0xc934f20787c282067450cb7f02d132aff904c7004dacce937fa257c0c818489e,8,3,5,4,0,7,7,2054,15.165,0,0,yes
0xd0da68c3aa098c1e247f7fbdf0b7a2e4db40d195b48effa9d90a1c821f5bb44d,7,2,5,1,3,6,6,3675,23.32,0,3,yes
0x1edde68e12c62c1cd1dcf96ccd48f4f985d90d48966076a790555f5a1a79fd6d,7,3,4,2,2,4,4,0,15.925,0,0,yes
0xc9fee485c0aeac178dfb658036de0b035c23d6d61dee3bec71c819b1ce5e5546,5,5,0,2,1,3,3,943.48,0,0,0,
0xd66aef5cf296e552bdff502f70ae38a0564ba493f0d9ef7b2e8ec2b515238be,5,2,3,8,0,2,2,0,3.2,0,0,yes
0x52b001f448fb5b1a3fd0e37ebbf107258dc2a47a06080bcdc39852cb59a1d260,4,2,2,1,2,2,2,7335,6,0,0,yes
0x88c012b4252df65c7c0aabba3fc7540e149e9fdbe994f741a6ea17c60b5a5e20,4,0,4,1,2,4,4,0,46.22,0,0,yes
0x37719f2bb545be3163b2520bb5d497c3bb64a39efe4baec39f8a69adbaadbd71,4,4,0,2,1,1,1,210,0,0,0,
0x9c65963eb8f79c29301a5585416730bff7e0172cd7fcea343a408d15353cc038,4,2,2,2,2,3,3,8055,22.2,0,0,yes
0x5b3c8876546baa0b2581f0e608f53eb5a9268d1192dc553504ba22b5d89228d9,4,4,0,3,1,1,1,157.5,0,0,0,
0x846b014b991685b7dd03cc0e6437540b2f78ebee431d2881ca6e8809afca2d82,4,4,0,4,0,1,1,84,0,0,0,
0x1f0da681303bdc616d438c0acc59b42c65007e6ae42712c1b130e2e44331a3e5,4,3,1,4,0,2,2,2846.5,0,0,0,yes
0x4d0ff5a7b2dee7ee7501c080a335f98c7055760a9a58d69a085d04ea5f08f0ca,4,4,0,5,0,1,1,73.5,0,0,0,
0xc9f5444ab989c2a7ef73b1eab58b66947c4c5788e25d997d649c7d6ddfbeb5a1,4,4,0,6,0,2,2,2437.5,0,0,0,
0xc40d711f94276d4b11a5ff701b249448df5252e969008653980e34c0408a1589,4,3,1,6,0,1,1,0,4.725,0,0,yes
0xfa26c6ccb1bf0aa785439105cde285ff8510d2505c5b603f4b6b183e68270811,4,4,0,10,0,1,1,163,0,0,0,
0x872cc86f8742ccc256458512a1eb492ce64bda4082f518ec4bd8607ee2bb8341,4,3,1,12,0,0,0,0,0,0,0,yes
0xf598f059a0353b0d9ea80c9fd9d1c3e15b71ff4535388dd79acf813b567c5b47,3,3,0,1,2,2,2,0.84,0,0,0,
0xfc54c423ee9392734910b5e86d370c52d91f7bc6a8ae6b89070cba2c12889176,3,2,1,1,1,1,1,315,0,0,0,
0x563fe60414c832e731dcbe7737e7e2e660dcbbf016e0ea9c1f740ecc2cfe85cd,3,3,0,1,1,1,1,4110,0,0,0,
0x12230bfedb28f7ef009735f04aa3aee74b9dccad19d6b61090bc7126a8139ff7,3,2,1,3,1,1,1,0,15.75,0,0,yes
0xe3f0b1b945c05502577ac9b25ec8ec7aa606c925798894ae38f3443679449252,3,1,2,4,0,1,1,0,2.72,0,0,yes
0x77e3d3b82e77b7d66c537cef8d2c56ef05e52384dfa67366026b66d4530e9c80,3,3,0,6,0,1,1,1467,0,0,0,
0x40330fd132ce25ec2e74130050f1d6338fbde2c3853c0be7247de84150e49794,3,2,1,6,0,1,1,0,2.24,0,0,
0x1aab89575bf156fcfa510d3d081b54d92d10d887fca2aa1db24eafe07182e3d6,3,3,0,7,0,1,1,1812.375,0,0,0,
0x69f79da1d1c4294825835c3df5b0314ee3235c37d4e5b8b11a9cbed1c0b2735c,3,3,0,7,0,1,1,685,0,0,0,
0x7ac1b89415607050d262b1fc8d0585674cb122db037c7d3ae752962763dd3691,3,3,0,8,0,1,1,855.75,0,855.75,0,
0xb361989db2be8eba407f473a33ec95c0f7c08b3d087847eaa37ab4c1470bac6c,3,3,0,12,0,0,0,0,0,0,0,
0x29d40aa6ead205dc22bd7b4754c88db9cbea02688a518065f09e0c1b0d964b7f,3,3,0,13,0,0,0,0,0,0,0,
0xcd29f5777124c8c95f8c8fac9e0627cad1808195ccacc77aaa26084959b98943,3,3,0,13,0,0,0,0,0,0,0,
0x79065533bd4e3ed76a1e87b673e6339a7699cf7e9efa1d9404712dce3c6b092a,3,3,0,15,0,0,0,0,0,0,0,
0xed6d8442443970f0fc55db46a10d86a69a6d2ff710bdd90280befe6c2ab6964c,3,3,0,16,0,0,0,0,0,0,0,
0x52594ce8666b354e83220c2056ae4b399a444b30b0d8236bccfc2dde8efeb6e9,3,3,0,17,0,0,0,0,0,0,0,
0x4570ad0cae56eaa3f1fc701e8875163f65d90e384174c2e33657e1a9b94eb024,3,3,0,18,0,0,0,0,0,0,0,
0xe5ec7135eb03d8e93bdc45789322bb97a9bba197852fd50e2e1462a98abb3969,3,3,0,19,0,0,0,0,0,0,0,
0xe74017e048d5a729eeb91e0b109777e0b68a9aff697f52ebb12adbbd4d2f7f90,3,3,0,24,0,0,0,0,0,0,0,
0x50b55a0b8465b63add70677ade0dfc5d6a16fd6fe1080e07e268d68d10df8a1d,3,3,0,25,0,0,0,0,0,0,0,
0x563074da5101b9e4c61125d53070c12d784bf312d6da080a0c0e037143c498e6,3,3,0,25,0,0,0,0,0,0,0,
0xc0c9f551c38f40cdb0a2dc4873ca5ec9984c5d7b398783c49c9d630253ae18d8,3,3,0,27,0,0,0,0,0,0,0,
0xc799a551b6832427ff050c655a305af73abc9323e5cce4508f712ac93c95f1b6,3,3,0,33,0,0,0,0,0,0,0,
0xec3399a1742554f5c2f218d4bc9a8eabed01d9ab332d00afe097b1aa1a3d0a3b,3,3,0,33,0,0,0,0,0,0,0,
0xff95c2119acc206d45652de89df951b4beac57591bc16507c971ff11a6ce2e06,3,3,0,36,0,0,0,0,0,0,0,
0x2fdd0712f9ea9da6e61f12e8ded6e9affde199689006ff0593b8e8bf37d98938,3,3,0,36,0,0,0,0,0,0,0,
0x559511a612146c9220983b7cb6deea7641082c2d17e63c5036ea6650faf2fa07,3,3,0,39,0,0,0,0,0,0,0,
0xf41c82e5eb9eb43d70d6e8eae9a0401dc7afb58c5694c433283305cf87b76e77,3,3,0,43,0,0,0,0,0,0,0,
0xc7366701ba2f376644e384ce6e53644d88829087b4fa63c76be6201f32cc9eaa,3,3,0,49,0,0,0,0,0,0,0,
0xd47f3c5c051da20cdf2020ab6797b4c3d787519d2cdca28afc3db64f20d132de,3,3,0,52,0,0,0,0,0,0,0,
0x6196788dfe6cdf1724c9e1b15fd178779c342ff23342c7cc3bb98fbd3bea9e1f,3,3,0,55,0,0,0,0,0,0,0,
0xeecc84cd5a94813dd8c0b132716ad1c680b5610bf31a724c0feb2e1bbd3cb9a0,3,3,0,56,0,0,0,0,0,0,0,
0x99305b504c8b03892c4282ba1b0eb6faeedd8578c7c97daad604f5c496c81cc5,3,3,0,62,0,0,0,0,0,0,0,
0x52b9be2264a4b570321934505aaae33a4869df7eba29ab707b94e023bb95eef2,3,3,0,74,0,0,0,0,0,0,0,
0x60efbedfce53ad5b5e06af5ad244c74700f4a52b44636a0ed97c18984686a662,3,3,0,78,0,0,0,0,0,0,0,
0x925b53ddfdeeeb9f32d3984a63de2b63a685fedc975154ccf550f75815d0351c,3,3,0,79,0,0,0,0,0,0,0,
0x2dab078445460f3824623f9278ed13b71ae3455c27fa8fd435927a32b73eae6b,3,3,0,81,0,0,0,0,0,0,0,
0x35acf806ba687f03990b0a0bd9c3e0e1cf6182831630bf4141cf1d6f5f179a57,3,3,0,85,0,0,0,0,0,0,0,
0xbd410d3172f69fa826ac40a0007b31af814386b090ce3b634752e00165167165,3,3,0,94,0,0,0,0,0,0,0,
0xd6cbef3eb9943a97895192a5fc02700d53c4995aecb09122e24ff67132aaa2f6,3,3,0,103,0,0,0,0,0,0,0,
0x25bfb04137a5ae4880d7eded8049713ffda45cc27933e3ab61ee17c23734a4c7,3,3,0,113,0,0,0,0,0,0,0,
0xcece63924bf6ab28ca59b0f8edac1acced63b7c87753b3216d0a3640b7a5468,3,3,0,113,0,0,0,0,0,0,0,
0xe315ed7f11079d36f1bf9a488a5de89bac2d59f878571dd44a1c2c3e7d655688,2,2,0,2,1,2,2,342.98,0,0,0,
0x1efe7878aa62c5055caf040ec5dd3d15bc5bc6da8aba80aeb3f284df72fed78d,2,2,0,2,1,1,1,4890,0,0,0,
0xcc4aedc5740510f7efec7fa5e4b66643dd8995fde3469b6ffc4d240d05518e6,2,1,1,3,1,2,2,0.36,1.05,0.36,1.05,
0x698c5644a8ab25a2f3f4a8051713e2603092481f9ff4c54cc84967286d870268,2,2,0,3,1,1,1,3667.5,0,0,0,
0xabfc18eb1850a6301f3cc6010de13bd8ff26168a95cfcef09c4061ed50adf967,2,2,0,4,0,1,1,3222,0,0,0,
0x7ad9f5da6ca1ee06741e2294e6541d12be3e9e8fe46c66b31bb6935baff695b2,2,0,2,5,0,2,2,0,9.75,0,0,
0xc6b20dcf3360646c3354a8bdf9c735bbd51bf5b0fd006f7bf2a342250b193d6b,2,0,2,5,0,2,2,0,3.85,0,0,yes
0xfa01f04208e83dae4520a6e831bb2fb78cb07af954e42ada4e17810ecc1d9db6,2,2,0,7,0,1,1,1222.5,0,0,0,
0xe7535d5c48151c47737dc261190bcd3c8da9446b519815da4918202c3ed3110c,2,2,0,8,0,1,1,548,0,0,0,
0x5cb3530d52629a8c1be90b11b80b688d589da114d9d5ca50cd605849c683c026,2,2,0,9,0,1,1,1208.25,0,0,0,
0x93595cdf24f06f0e0b623d9f0d4302b260b22c73b039d8a7121d9da9b792e552,2,2,0,10,0,1,1,163,0,0,0,
0xbe2d7a5792c435b0caad453a27e39e4e4f52031f4134b688624f44f38f018ea6,2,2,0,13,0,0,0,0,0,0,0,
0xa493854763ebd52e9d332b6a4d5536adc0868ad748f91b2816014c2b4697c0c0,2,2,0,14,0,0,0,0,0,0,0,
0xa068815251f77494382e9a422b15563c2f1e917a1abd12648c6b1c9f7b080b9d,2,2,0,15,0,0,0,0,0,0,0,
0x51328877e78740ce6e04d05233d6e40d711b653ae0e865faed727549b61b6914,2,2,0,16,0,0,0,0,0,0,0,
0xef77e98e81ebe4228d7ef6e0c5db62ac16e37d3b7687362d67e9bb9aa922c2ca,2,2,0,16,0,0,0,0,0,0,0,
0x2dd04cba72612d31aab8b6168a2f3fb040ee7165cab230e7cc34c2506ca947a3,2,2,0,17,0,0,0,0,0,0,0,
0xc21a182c6d094d6c5e8ea2f4c4452284a81db1c58c1388092c7d170205de0af6,2,2,0,17,0,0,0,0,0,0,0,
0x30ebd0cdb2b08de200f67089a59048c3c9657eb7bf005a8717aaa9f0554b1307,2,2,0,19,0,0,0,0,0,0,0,
0xd2d162d35e9bb1ce41663246ad63d5d8b8fa5ad233bc7626956b5a22f6586eeb,2,2,0,24,0,0,0,0,0,0,0,
0x5270c3b336dbc50eef0ea45c36f14584377b53ec3a52c58f2d07c96f12f930dc,2,2,0,28,0,0,0,0,0,0,0,
0x61afb3d1fee54e5f510991599493f69b0fef9db63584e27192855e8c3097c035,2,2,0,31,0,0,0,0,0,0,0,
0xa7396fa5b476a6c542407aa86d6a8dc4abd3cf347bf7d2a3ed2a68d294d5f0ce,2,2,0,32,0,0,0,0,0,0,0,
0xcb1b7ac9733ebb4609c97dadabd3784c655c45ecb29b60cf0deb3ae19e883b22,2,2,0,34,0,0,0,0,0,0,0,
0x31613a860e45130f36afbc842c9aaf6c5447d658ef200298753c6b0572fdd59d,2,2,0,36,0,0,0,0,0,0,0,
0xdd6e936d97fc4c41cc256e5263b1f7cca7887c806030c2de19998c14f948e21,2,2,0,39,0,0,0,0,0,0,0,
0xa7241b0c41a307309886d61784cb8f85a0aacbd55ac847314275c15733580a6f,2,2,0,41,0,0,0,0,0,0,0,
0x356fd42f638dca5b70022d6d667395f29ec119cad0e8c56ccb2905990b41d7d1,2,2,0,43,0,0,0,0,0,0,0,
0x77bde9d601c3cc6d21367d58278ea898e60b3e5d8f6205812e217e4a8c3faf81,2,2,0,43,0,0,0,0,0,0,0,
0x32ace94e0342f9594b5c6adc772fe1344903b9e797b1d9b0e3c41074f77a3adc,2,2,0,56,0,0,0,0,0,0,0,
0xf994d9f0bf5cab2df99f92c1b56891e7ce084910da7339caeec0c532f2a0fca9,2,2,0,59,0,0,0,0,0,0,0,
0x5e698caecfec6e3923289f4f7b25dbd35cf232363c43c40b1515128ce56a11bc,2,2,0,59,0,0,0,0,0,0,0,
0x56970332a896a0c247355bf45a55e2b54bb1a1dbf836658143fc9af63f12b27b,2,2,0,62,0,0,0,0,0,0,0,
0xba327a86d02addbce63adc0a02810cb0f28571b10e3c9f0996db297214a0cb14,2,2,0,64,0,0,0,0,0,0,0,
0x397952de3c7a5b8772248c0d0761f6a420edd135fda43c44cb735a0237deac37,2,2,0,72,0,0,0,0,0,0,0,
0x7ffff878e9c660724d33d2997752815fbddc04d22869b52e533f131424451cb7,2,2,0,77,0,0,0,0,0,0,0,
0xc07adbc00d6eab921e7a11d23e8cfbf0d4f496905c849a8c004ac0782eb50c20,2,2,0,78,0,0,0,0,0,0,0,
0x7cf5958982a4eaca19a2e77973cd31a44cad3c9dfef1bc0d290cfcc03f994ac1,2,2,0,79,0,0,0,0,0,0,0,
0x5c7aeeee78656be5f9775d429ecef99d6ac8a607797030647c2db684f533e4cb,2,2,0,83,0,0,0,0,0,0,0,
0x91e5e605a1c3c82b80dcceaaba4c3345203c1ccc520c77548564ba5e3b3ed047,2,2,0,95,0,0,0,0,0,0,0,
0x8a981c694fea7de5d9c49eb6eae6a15411f68faad6a0179929dc16e42cccde28,2,2,0,97,0,0,0,0,0,0,0,
0xf00a9cc197d634693ea48f780e6f07bbf1ca1dd624104f74acd9af91eaf11408,2,2,0,98,0,0,0,0,0,0,0,
0xc1496a304cb46ac76cca5277d1ba1472df72b84e4a4c7e8b23dc4005e7431c18,2,2,0,104,0,0,0,0,0,0,0,
0x82cc3cee45a3468ffad10fc7f381ad80cac183126bb5f3f5df951000c3188038,2,2,0,111,0,0,0,0,0,0,0,
0x5afc1d50bf05625a9cee3863455e0bcc578d861029f997b85f7f6e17c1dc6bcb,2,2,0,112,0,0,0,0,0,0,0,
0x670f7f627323b23a67cd8a11fdd5152ce30737d5aae92b4bf9d032ad192efe7d,1,1,0,1,1,1,1,12082.5,0,0,0,
0x313d6a0d01490e2b0f509cf8aecd2b9bc838f425d6093a75935a42017df61e77,1,1,0,3,1,1,1,1575.5,0,1575.5,0,
0xa48fb9cb6b2527913841a5df672d0f5f6ddcbb9d304930ba662d1caa39d063f7,1,1,0,3,1,1,1,1575.5,0,0,0,
0x8af3dd44c1671619cb6cdc0bddfc56cdf0b43a8c6d2e29349d029c857fb98ee0,1,1,0,3,1,1,1,6041.25,0,0,0,
0x642525172d7b25108671bc26ba13c63461eea76b419c04a88553e54146c2ba3c,1,0,1,4,0,1,1,0,8.4,0,8.4,yes
0xb2d7c1255d14a40c846140317afbce95f789c65cae9846f029c9dd643612a853,1,0,1,5,0,1,1,0,3.2,0,3.2,
0x9dfcb8635ef27d60b5cfe6ad62a24a21dc9bb2f48edd2cab8159378a233ef1e6,1,1,0,6,0,1,1,63,0,63,0,
0x83d0d8ffe4b2d274c41e61500ef40288ae4f7b9301e8af2d0959b83404549a7a,1,0,1,6,0,1,1,0,4.725,0,4.725,yes
0xb66cff2f5c18380b404b11349cfdd2c22d2a40d5102b1ca6df05353638fe1782,1,1,0,9,0,1,1,31.5,0,31.5,0,
0x54413534c7f99d9098b3de02f60f5cfdfdea5758e2e74bb1c865adffd9509fb9,1,1,0,10,0,1,1,805.5,0,0,0,
0xf0e97efa3cd898fa56cdfbac5ebfca7940c53e30bc02686b7332813cb8b40b34,1,1,0,12,0,0,0,0,0,0,0,
0xaf77f9815b0e7ebaa478aeba7ba087cb8c46b3f0c5d9013da574351020e04bfb,1,1,0,13,0,0,0,0,0,0,0,
0x8157d575937e2413c8ccb044ee948243a4d15c07822ded80a80a11fbe4acf553,1,1,0,15,0,0,0,0,0,0,0,
0xf8e9775cd8f27ff59609e1c5450612df579471a6d30c3707bc8ad8b35b78ac8c,1,1,0,15,0,0,0,0,0,0,0,
0x50ec74ab66efd72c3662cad3af8629effe5d0c88daf0f1f4b149834838f19fd2,1,1,0,16,0,0,0,0,0,0,0,
0xfbc475e674d969697cdc3abf65cb63154abb08e0766c4f7798a0618e9291938a,1,1,0,16,0,0,0,0,0,0,0,
0x17b2a28c7f6bce9965e87d0889ee6238889d00c8e25210ffd5ec9d7e2e982c32,1,1,0,19,0,0,0,0,0,0,0,
0x215093b8867cdad25a0054769df30bb3623404107144d1fb1be2046af270053d,1,0,1,21,0,0,0,0,0,0,0,yes
0xf0256748930d085e32432a04e66c1a9babdf65b51869defef28d3e433084f8cb,1,1,0,23,0,0,0,0,0,0,0,
0xeb248c76baf844b8f5101cd62d403e9318d75f4d61b8e58b2a89c1cc5a299101,1,1,0,24,0,0,0,0,0,0,0,
0x5650746f505574f2761dff11fab7f35b2e90f598d3c28c359d5f8f70ec29d60c,1,1,0,24,0,0,0,0,0,0,0,
0x1430e50a1de877c13428cfd33e8a1a9899cae1e933e003bb78a54adec1ded09c,1,1,0,25,0,0,0,0,0,0,0,
0xea1cbfc0edc2296b81fa1b4c6318b1afbd89bb585bffe4b2b726e8ad13da9c2a,1,1,0,27,0,0,0,0,0,0,0,
0xb5a23c9713a009015f8f6b1a4aa4e2597f1aa40c4d4f8fdb765c296be572c19e,1,1,0,31,0,0,0,0,0,0,0,
0xf9ab26bd2fe3379c2e178aac9e77735e6f5e76bb2cc5b067095d0328ffa530e9,1,1,0,32,0,0,0,0,0,0,0,
0x7d78bf5b357fec6da1e685ae9c0227e3f2e0b069f97532dba9c4992ecac8ef1b,1,1,0,33,0,0,0,0,0,0,0,
0xeb8b329d99f700c831baeeb8910a9ef7031250d41264e132d8e68e008d5ef501,1,1,0,36,0,0,0,0,0,0,0,
0x8fabdcf9bbb1f965bd7a42d332d2af6fd3e1ae45c694f33cc9b74ce449871335,1,1,0,38,0,0,0,0,0,0,0,
0x2d9e2e429fecf088618bd4e95100c9c39daf9514cec096ab4a1e1b9c93abc47e,1,1,0,38,0,0,0,0,0,0,0,
0x260347ee2d5a0dad326d145cbb866c393da1e196aa5fdb598e89192c0b26bd29,1,1,0,39,0,0,0,0,0,0,0,
0x536c770b4680163424338c818c07498f012db71b608f0c98c3d07190167d2a70,1,1,0,43,0,0,0,0,0,0,0,
0xbc56d8cef81bd4907a32528894df29754d2c399594749a5fa62a6b4842e73c6f,1,1,0,43,0,0,0,0,0,0,0,
0x8982da13a66b94733675dc05415b6188f7e738e82ccf2f8d29e2cc23f3f700df,1,1,0,43,0,0,0,0,0,0,0,
0xe5f668c48f9577d8440e0b354c5bddbb09a252374833e2fa1f737dbd390cc446,1,1,0,43,0,0,0,0,0,0,0,
0xe89b2e70f38f2354a0b593db88abd8c0fc088c00d2e13140a765abfef1cee41b,1,1,0,45,0,0,0,0,0,0,0,
0x3460d43aff559c46397f0a345bffa75aa6429e34f20ad3ca2517a6b0b82c864f,1,1,0,46,0,0,0,0,0,0,0,
0x671cc67321d2263c14dabfe89a325305fabf4fa7ba75399bdc244901129728c0,1,1,0,48,0,0,0,0,0,0,0,
0x17d9c0bc3bf9ee1139b82c54f200aae897f702a50c795a0a2d60bf7a1cd1f5e0,1,1,0,48,0,0,0,0,0,0,0,
0xd38fc33916098866c4f18e6c80e75dd6b5af0d397acd063214bf3e78673ce25f,1,1,0,50,0,0,0,0,0,0,0,
0xa76011908551ef38768cdc9cc576346514fbbbfb2260aff42768467e68960ca1,1,1,0,50,0,0,0,0,0,0,0,
0x1f64da2f915a82a38afc3260625de06da75c261551c4b8977bf31e7926e6c09c,1,1,0,50,0,0,0,0,0,0,0,
0x4a277191799bab5e7d7e35b253d0d2d3545859f0ddc0718ee055193272706b9,1,1,0,51,0,0,0,0,0,0,0,
0xae9318e6458924edfd8ebc42d19ec3995ef63a116acf13683598e7692218a2e3,1,1,0,52,0,0,0,0,0,0,0,
0xe178a8827024b4621042fd8bb8d2c1e04082ea3071211559fdd51941b2c8da14,1,1,0,52,0,0,0,0,0,0,0,
0x228f1ee418ae868e20c7b02cfdca196af6b02fe2d93450adcdd17c2acb569be5,1,1,0,54,0,0,0,0,0,0,0,
0x203ddb81865128d0f77d60ea9ece8646555b1568ed625d902ad73e68e2a19a6a,1,1,0,56,0,0,0,0,0,0,0,
0x6b0b165f88864b661e40413bf3642e4edf4ddebf7cafc185785d6be296769739,1,1,0,56,0,0,0,0,0,0,0,
0x8265aacb015e8bfadd593ddeba5155f4705fae2474b9669899101af70e78cc9d,1,1,0,56,0,0,0,0,0,0,0,
0xd1d348be22dcc85b0d6e873dbb56a0d31a399c273f26c0407e88c308cca45526,1,1,0,56,0,0,0,0,0,0,0,
0x744b0af65210fe55421d8d7a0545d84804da04cf594d4cc213021ae377b5e6b1,1,1,0,56,0,0,0,0,0,0,0,
0x51c10b74f8f6848bfc09e93425aab16c76387568bc1fcac0fdacffcedef6fe29,1,1,0,56,0,0,0,0,0,0,0,
0xef101d9e63f103d16cab88ee6afe2752a41da01390ab1a05d284a8493840d065,1,1,0,57,0,0,0,0,0,0,0,
0xc023123f213588f8c380fb0330b4048805cd84c5ef8db4b7d6efca940797507f,1,1,0,58,0,0,0,0,0,0,0,
0xbb4ec3a31912dc58f9e7c37a0648e749b791b75e5dd4a97931f780f28303fff8,1,1,0,58,0,0,0,0,0,0,0,
0xa2fe20608caa9daf0fdc96ab1f46fce01673343d1a8403cb1fb72044b69d022a,1,1,0,58,0,0,0,0,0,0,0,
0x735fa3d08a95f5a99348e37b78e89d6f96f6a92ce56c053a3bd828d489aac78e,1,1,0,62,0,0,0,0,0,0,0,
0xd6782e51790420f3e0c091fe446e73f563e3645246a24c42192faf49a3a36481,1,1,0,63,0,0,0,0,0,0,0,
0x6479680839535643a54fd80e0aa151009e347e42ff3a9d018a23e033e4ad64b9,1,1,0,64,0,0,0,0,0,0,0,
0xf7dd9c6307a9cb91ef6e89e6f6af2b8d5a80fcca6c17f5b34a51a36a6cb2bcb4,1,1,0,65,0,0,0,0,0,0,0,
0x85a4f42dc40944293c9eb1fdc2f8d63095e808808076f5f526ddd5e52e22448f,1,1,0,65,0,0,0,0,0,0,0,
0x64ad6f369c2ba99a598baba6d1d08d9ef295a310566ec0a50edfd8828aa948e3,1,1,0,65,0,0,0,0,0,0,0,
0xd161521ea03fc648c954b090d3c651cd296030c049bc2316257707674491fe07,1,1,0,65,0,0,0,0,0,0,0,
0x8b78c8248d63ad0c4cbbbb0ac83cb409f9380ed9b8c6d805f0b90bb114c72bf4,1,1,0,67,0,0,0,0,0,0,0,
0x879df2de212341d23598da253df2d8fefb42940e0250992ccccbaf5efa2810ec,1,1,0,67,0,0,0,0,0,0,0,
0x71518dcd3d01503a95d114de2c243cd321e4a8dcfe01125dbb6c9358288aa984,1,1,0,68,0,0,0,0,0,0,0,
0x7e20c774623a652c5ab1bb44a82d6ded0812b072d338969ed8420ee1556da3a3,1,1,0,70,0,0,0,0,0,0,0,
0xd5e90424415b469daf5cb9ad7360b276b9754e44c90f2f8865e37b0a878c38c9,1,1,0,70,0,0,0,0,0,0,0,
0xc8be64d223356f491e4de846e7531cfd2c23ece47479e27a75704fe9003733f2,1,1,0,71,0,0,0,0,0,0,0,
0x608f3cb6f019dc21c26d3eb0ed9f370c2e0ef1c41245e9cd122dceed49455a83,1,1,0,71,0,0,0,0,0,0,0,
0xdc0e53f2ed2dcf18e31cfb6b812746716ac95ae307785145683324e5fa628392,1,1,0,71,0,0,0,0,0,0,0,
0xb43ed8cb511f94bd44fbdbc53c0dc0e3fb050208a5e8e73639e3de444b4aba8,1,1,0,71,0,0,0,0,0,0,0,
0xc5204fb4e6e2e6e28d5e600bec11e73745fa97ef69d965661a8fdb6a02640ec5,1,1,0,72,0,0,0,0,0,0,0,
0xcaac8005580999930fe257b43ed31b9a1ac3f1beebad82d5e11200e6db57062e,1,1,0,74,0,0,0,0,0,0,0,
0xac923ab407f419bd1fae2ba805a1cdd31ed2808db67ea29416794a29e6f36484,1,1,0,74,0,0,0,0,0,0,0,
0x3ed93a42c433a50479ed490244adadc00495ef46c35a3c9baa7541b573ee0c99,1,1,0,74,0,0,0,0,0,0,0,
0x492b70618f7c9c87b07fbf35af5cfeef7a07277d6f70fafcbe7cdcec5efbad71,1,1,0,74,0,0,0,0,0,0,0,
0xde4abb716438795a60217c4fed0758cf63560297fdf38acc2543b36c38cb02d0,1,1,0,75,0,0,0,0,0,0,0,
0x2d6e01a2eb21fe1bc9a827466de499dbacebe6b68256a01ed01514760327bb23,1,1,0,78,0,0,0,0,0,0,0,
0x711cd9a928adb7315bbbcb7862772d7fb152ed338592ee7c23b6f4cb5e3d202d,1,1,0,78,0,0,0,0,0,0,0,
0xf7eb48c388c24b809716c82970ba802e3e29a86c034cc825193c4a11f6bb6f31,1,1,0,79,0,0,0,0,0,0,0,
0x716fcdbc87ecadadc53da9a18268d8d6bef46d7bd104178c9997fbf70f51b8f4,1,1,0,79,0,0,0,0,0,0,0,
0xd5cdd4db5b29c93af6117b9e27370d473190c10aad77302b8b6f62ad14de1703,1,1,0,80,0,0,0,0,0,0,0,
0x7e7537af91f5c35a13c530ad754ea3387c2e123609199826291ea04b6f76d6b4,1,1,0,81,0,0,0,0,0,0,0,
0x37a07f7e21a693140dc895345874d080b352b95197af0b4b632f5fbd7185fa5b,1,1,0,83,0,0,0,0,0,0,0,
0x1413f029a330e0e34cfc0e2190905a7555ea3c311618d23609d2391d60308600,1,1,0,84,0,0,0,0,0,0,0,
0x524469de8c28d7bf8c4a042e3bc5f535d481634eea2985ca539cef6fb3917b5f,1,1,0,84,0,0,0,0,0,0,0,
0x6dfd54a057cbaa1215f99d29d1a03ff747fb5dc8966fabad606c8ca66ba36f6e,1,1,0,85,0,0,0,0,0,0,0,
0xe5aca91edd59074ba916c716e9d11f5f4d8ccbcad7d294b6981d7df40f3e1e3,1,1,0,85,0,0,0,0,0,0,0,
0x78b0feee1baf85b566fa81b4dfb6e8a09337efb58bebafd65b3fd3d76425797f,1,1,0,85,0,0,0,0,0,0,0,
0x88f9903155348ab65aae926fd411a50393615952d175940b62ea618528f040cd,1,1,0,85,0,0,0,0,0,0,0,
0xf58a568a7a8aa29359ecca7104836aa6f7f5273bb34ada42ff459552ebce0d4d,1,1,0,85,0,0,0,0,0,0,0,
0xf870f640c7ac02914168ff8541972445baee71d504e0d34cb30e8fef147a43ab,1,1,0,85,0,0,0,0,0,0,0,
0xc352f17eaf6557b48d34643b349ebd50efa426bbf4a5789f744abaece7e443b7,1,1,0,86,0,0,0,0,0,0,0,
0x2fc78c0b1253d7a8c77127be42a4694fca08cea7f93bc2782d762bbb3cc4b4f7,1,1,0,87,0,0,0,0,0,0,0,
0x3b04fdf9ba3668738c9a38d1a8bf0401d59eff1734b46a92af6e5e99ae6817ce,1,1,0,87,0,0,0,0,0,0,0,
0x6eaa36ab8e958b354c2c76b4c7d5131dc2d22557e8bfcf6039099e70129c610f,1,1,0,87,0,0,0,0,0,0,0,
0xa1062584e407ace8be393f0007bbdbab22eef356c95b68a1b6240c6f7a1c4d95,1,1,0,88,0,0,0,0,0,0,0,
0xe6c10d9a3e20b579e5a8b232dced37ec5a744892e88ef282313abc28c5fff542,1,1,0,90,0,0,0,0,0,0,0,
0xa51c41f643f07097e9b043d55cb51332e02f285f415d7c0a84bc4c2745309039,1,1,0,90,0,0,0,0,0,0,0,
0xbe0460070a445edd00d1015f4f7228e90dfb89d98913faec428bbb410376e86b,1,1,0,91,0,0,0,0,0,0,0,
0x9ea4b906041849632d0789e0f651fa1283ff64dce34e73d23d7b65fa40c3816c,1,1,0,93,0,0,0,0,0,0,0,
0x5698b53bb9737e66212b501fe2bfa74e31ad8de8ae40f2fb1cca2553cb4f24d2,1,1,0,95,0,0,0,0,0,0,0,
0x6bbcc4c875639a683355d764fe1ac97ed029182be98bc4115c310c8f0941f6e6,1,1,0,95,0,0,0,0,0,0,0,
0xe9b0bac2c9f31c1ec46484e472e8530d9a36f66fea149047182173834318aa95,1,1,0,95,0,0,0,0,0,0,0,
0xd9d0f4977916aa424352388442db1a6fd39cf55d4dd64016ea84071f59742960,1,1,0,95,0,0,0,0,0,0,0,
0xda6f057f475f8bcb657cddc354da4de48fd9a9bdf0bdaf6094f90a0efe6b269f,1,1,0,97,0,0,0,0,0,0,0,
0xbb86be071ee40961979f6fbaa827e6bd533759eb4a22ab155e9efcaefcf7e72b,1,1,0,99,0,0,0,0,0,0,0,
0x87cbab2bfb25f5b1312d0aab4822912d0e75deb8cc614649641a011a4e3fc188,1,1,0,99,0,0,0,0,0,0,0,
0x2ad16bbbe3dafc0811feb8a1b46591b85c6af14ba0619661a9b72fa529b4bf9,1,1,0,99,0,0,0,0,0,0,0,
0x6fde53f1b048b69bf25eaca406b96d624a9d22cf65f9bfc5fa6473289405329e,1,1,0,99,0,0,0,0,0,0,0,
0x9809188a818558c59d74634f8dd302e5e3bc73b34ef2b00e66be45faef95559a,1,1,0,100,0,0,0,0,0,0,0,
0x202855414031b3a09e64eb0cbda51270cbdda6def324907362f532a768bd1635,1,1,0,100,0,0,0,0,0,0,0,
0xf26ce00e1392b3715a005338fe8858a0e4242514053fd9f9b6da30633776bdd4,1,1,0,102,0,0,0,0,0,0,0,
0x458c65d114c14dc2b9f11ff2232f92b2f38378c7ef9dd161a65dbd55738477d8,1,1,0,102,0,0,0,0,0,0,0,
0xd54e64b1c47e85edd35791d102814d576be68350d44e58df3d47955588600cc9,1,1,0,103,0,0,0,0,0,0,0,
0x611ed9b206d2228861a135e61981028d368de88ddc2c0a91bae348c7cdbb75d,1,1,0,103,0,0,0,0,0,0,0,
0xd1c19644d46e18fec436b69a8afb00f423f38256f6f4f7c6395da73385526a45,1,1,0,104,0,0,0,0,0,0,0,
0x3a1d5d9ac5d70c150d0ed45c7e09bcfa84227b1f2fa44e3055c783c48c6efcc2,1,1,0,104,0,0,0,0,0,0,0,
0x36033d8bfd6e6741610142d9d2785a14c6bf77497c84c0e5805e707aec54d432,1,1,0,105,0,0,0,0,0,0,0,
0x996960c06788d4c3892916253e298c32c69e086503b53c9e9af0c4d11207fac1,1,1,0,105,0,0,0,0,0,0,0,
0x951a0c61db0e56dcd709b8b30d3e0f2dd7128bf3b851b5c8a8f266adb7fe8210,1,1,0,107,0,0,0,0,0,0,0,
0xe174a9a16e6120ce51f19088483c77c789511002d77f98d2e9938b91ad772b13,1,1,0,108,0,0,0,0,0,0,0,
0x19af06f80670f5e73639c17e0357f5cb021fa8a3e4a68d3873fec68c24beee6f,1,1,0,108,0,0,0,0,0,0,0,
0x66f78f19869a1b346c3cc47b753c186cd5ba1126f693bc3634cab198b3e90aff,1,1,0,108,0,0,0,0,0,0,0,
0xef7696b73a893f90b3ac329b8d7ace170b77b5659ddfbd16e579ef3f156cb356,1,1,0,108,0,0,0,0,0,0,0,
0x320f0eda7533f5694947cbe95716d45938202b6af8b3764a0df2618f52df5323,1,1,0,109,0,0,0,0,0,0,0,
0x629a75fc9ffb04f5f37aef11f22db2c488e9ae2c1993011759813d771253eb64,1,1,0,111,0,0,0,0,0,0,0,
0x49286b4778003f071c53150b73526b326ad954c5ddef75ca4400d62990b9255a,1,1,0,111,0,0,0,0,0,0,0,
0x5dbb8c012b3b694fad949c2ddb57cbc71a5a238405a64d8f4b31c43e9a71675d,1,1,0,112,0,0,0,0,0,0,0,
0xce6edde834df14a1bf95ae313ffd9bf8edfc9252f5aa41e43a9656cd4a71e88c,1,1,0,112,0,0,0,0,0,0,0,
0x341cfd09ef06a31cd672a81d95a78ac66f953ac8bcb2ae3d9517f6759aef0013,1,1,0,112,0,0,0,0,0,0,0,
0xcdbebd6a4f1676bd80bb78c0d3363194b27ae18ffc260ed7ff484785aa573d85,1,1,0,112,0,0,0,0,0,0,0,
0xb0cff34ee038f247333c69de990ce80d075d8b6e9828d34cf0c6f98f79cfce10,1,1,0,113,0,0,0,0,0,0,0,
0x5f281bbb39c94a9940423ef7e273dc9fe3b6a5e1a3f4b7b52c2e168023e6ea6d,1,1,0,113,0,0,0,0,0,0,0,
0x67640aeda12e92fa8909784779794718ada183ef156ba14d4c9b123195e4e875,1,1,0,113,0,0,0,0,0,0,0,
0xb738c2c94071fedfc56f0818c72cc3039b4d54ad6533a13169220833c3d1ad4,1,1,0,113,0,0,0,0,0,0,0,
0x29b7885291d0ef175499151c03cf1d3f53e1a6914ac33fee7c7eee5e5d42afca,1,1,0,113,0,0,0,0,0,0,0,
0x6f01fe3843ffc295c322abdbde06f0ed55c337d676ff3f7989576173d8f1d34d,1,1,0,115,0,0,0,0,0,0,0,
0xbbffc27a6ed837439ebfde8efc1aed308d919a2f795b70cf5bbf8c2320db23ee,1,1,0,115,0,0,0,0,0,0,0,
0xe7e80f8ddda5523beae86207779847feec37056bd45ae8c9ec59cf81cae97df3,1,1,0,118,0,0,0,0,0,0,0,
0x90c2799ac13c3f6c14dc2564e1c3053fcfd44cc2943a55084ffc66f3e94f2f5f,1,1,0,120,0,0,0,0,0,0,0,
0x88c83f53954ecb1d8ab3a8b3a9b7ad2daa686ab745e7c4eaa0f58a8e1579b3c1,1,1,0,122,0,0,0,0,0,0,0,
0x4b80e1610b143f65e37b07bd99206182e7bbdd551427394cb574b9fc0575be84,1,1,0,122,0,0,0,0,0,0,0,
0x263defd0548338b77448471d2cf03ade247840a955feb136c54d9006b10a25d,1,1,0,122,0,0,0,0,0,0,0,
0x1732bf08553fd300074c8a0df78c5aaa0b6fbb5240198c1026b3bbfce1954d62,1,1,0,122,0,0,0,0,0,0,0,
0xece219c5664ff434a2ce8c1089b2e480c5d18abc99d4562d629202a4138f2410,1,1,0,122,0,0,0,0,0,0,0,
0xa17f79709cb5ebc325670c81af8b105483bc084c0b417250d0b19c5718459f5e,1,1,0,125,0,0,0,0,0,0,0,
0x327c2b75d8c206bda38b17fa6528f1ccdcb82af792f7497959ac05a6e8605047,1,1,0,126,0,0,0,0,0,0,0,
0x7b07a3aa75aa2b152b3942157ec9f1b6e64eeadc29c47640a0ca87444313ae85,1,1,0,126,0,0,0,0,0,0,0,
0xc01da230a89593cb7960c14a8b9f3f24a4540405cae7cf3889d7ebc76ca82b09,1,1,0,127,0,0,0,0,0,0,0,
0x2bb8d67e25783d715c1dd4c042746eb0f2d9bfc9aa99c6ab95a78b9e3c2b8160,1,1,0,127,0,0,0,0,0,0,0,
0x29b91c5e91b5a8fb555eb14d0abf7b86e87d6b5e32b4e32f2998f5e72ab8755b,1,1,0,127,0,0,0,0,0,0,0,
0x137ce4e4bfe5d58b84173f49efbed4db497ad716e031d5337db3c75c83c55037,1,1,0,128,0,0,0,0,0,0,0,
0xe0615eb4620c7271984f417e467074e419d78912b74c47b731ebe3e2ae647214,1,1,0,131,0,0,0,0,0,0,0,
0x13305cf41fa82486a1473adf82fe476a30cf38686d4bc2415a9a6e7c30dae7c4,1,1,0,131,0,0,0,0,0,0,0,
0xcac43570478472b5aa0a7623a2f108ffce1d2b69910676b332636b40df53d152,1,1,0,135,0,0,0,0,0,0,0,
0x71f36d22482fdf50c6c5d67f9f11b0d4ce745c7c02651fb61f69ba20bdc67fe3,1,1,0,136,0,0,0,0,0,0,0,
0xec2517497878991ff2c5d4cda24a17a6b884dff08773d5963fc8bb19af4dfe2c,1,1,0,137,0,0,0,0,0,0,0,
